image_name,resmem
sun_aaarfmdkojiusxxl.png,0.6855190992355347
sun_aabyitznzumhlxfw.png,0.6895453929901123
sun_aacekspsxnilxmlb.png,0.7274503111839294
sun_aackmxuaumbyjrvf.png,0.7934653162956238
sun_aadihymrhoihkumi.png,0.5621517300605774
sun_aadqjcsvidqnqzzt.png,0.7549505233764648
sun_aadtmifyuvqcfkcr.png,0.905833899974823
sun_aaeijzjhbdeibdjh.png,0.7647761702537537
sun_aafqetztbkmzxsif.png,0.5151558518409729
sun_aaguipoeqirlfvjn.png,0.764556884765625
sun_aahfqqcmvkdkcopk.png,0.7048516273498535
sun_aainymcaqysqtfjp.png,0.6794950366020203
sun_aaivnkepwwofsfnt.png,0.7837621569633484
sun_aajhoihcnufdqjdm.png,0.7428801655769348
sun_aalwixjkrhyiabdr.png,0.8597383499145508
sun_aamlzecjkxlnoedl.png,0.48589810729026794
sun_aampazmnmsxlwwwr.png,0.824386477470398
sun_aamvxnvouicstkjb.png,0.6572778820991516
sun_aaqmxnxoyktxhiwh.png,0.9611282348632812
sun_aastptdxbxbeiyto.png,0.7274461388587952
sun_aatywrsbdbluavkj.png,0.7158433198928833
sun_aavbhjizkngwwgjm.png,0.8225861191749573
sun_aavkypayfsvklgls.png,0.7751035690307617
sun_aavuoscaegpbwspj.png,0.7705549001693726
sun_aaxdpgpohhvyemvc.png,0.7578238248825073
sun_aaysiohzbbdyrddc.png,0.6770405769348145
sun_abbwggenhfbftyvi.png,0.6803277730941772
sun_abcexmhrrazffdxe.png,0.7782836556434631
sun_abcuurugvxwparpk.png,0.7407099604606628
sun_abdagkpekttzgeks.png,0.6956156492233276
sun_abdczrckndvowcuw.png,0.6056797504425049
sun_abdkucfijyhzjwdd.png,0.8457197546958923
sun_abghrjwhyotnsqlo.png,0.7007880806922913
sun_abgxynrdquqkpegr.png,0.9067310690879822
sun_abiovdygniqgkhhl.png,0.6275119185447693
sun_abixanxgsreeoifw.png,0.7935782074928284
sun_ablbdwfvmdkcfxka.png,0.5788800716400146
sun_ablgxmlqsejzolxh.png,0.5274277925491333
sun_ablltreyppizkotj.png,0.8596273064613342
sun_abluxelximwwmuuu.png,0.7728176712989807
sun_abmeycbiroafvvoi.png,0.7026814818382263
sun_abmipmtqvlyxgafg.png,0.7029352784156799
sun_abnjymnsjlfptyxk.png,0.6642592549324036
sun_abnkpmayghxdvfig.png,0.7315869331359863
sun_abokeplpazkdxpps.png,0.7165455222129822
sun_abolbvukvhubhpjk.png,0.6604070663452148
sun_abplnvvcxkcovrqi.png,0.5509265065193176
sun_abreakywwicnpllq.png,0.7135673761367798
sun_abrfjuixgacomvzb.png,0.7433295845985413
sun_absoxzwctrlnjgvz.png,0.5729695558547974
sun_absxzamwemzkegmz.png,0.6233039498329163
sun_abtdndwgqyeufjvf.png,0.8426027894020081
sun_abtyfplefeymuefw.png,0.7301939129829407
sun_abuaiinyegtbzuxg.png,0.5694708824157715
sun_abvcwkmmpmjruuhb.png,0.5212226510047913
sun_abwkfmxrrczajrtw.png,0.6677531599998474
sun_abwkqvpdyigssyxa.png,0.6436330676078796
sun_abzoglkibwvlanfr.png,0.8242688775062561
sun_acafxnfmbtjoupvz.png,0.5908040404319763
sun_acapmatgnmqztpru.png,0.655023992061615
sun_acbnfcctoyssyvie.png,0.7551448345184326
sun_accilwvadsvecujd.png,0.7374496459960938
sun_acclngswciyrjytf.png,0.7396105527877808
sun_accvrsqmfcigfluj.png,0.622315526008606
sun_acddbhlzfptbekxj.png,0.7170087695121765
sun_aceuokyqoqhfsper.png,0.7085847854614258
sun_acfxouwyduazdrjw.png,0.7314510345458984
sun_acgnzuuseaxyivpx.png,0.6633797287940979
sun_aciczgvqmadwxjdq.png,0.7626978158950806
sun_ackillobvrmbwpyh.png,0.4746018052101135
sun_aclldlpvqpkxwuhq.png,0.6070570349693298
sun_acmucmjtzrjwrnki.png,0.4348383843898773
sun_acmxnsedgirrlcgi.png,0.41450804471969604
sun_acnawpjquedtdxuq.png,0.488961398601532
sun_acogctmmxmuoyvfl.png,0.7794229388237
sun_acqkqticsyuapvci.png,0.6444216966629028
sun_acteouyhcdaxmeya.png,0.7153773903846741
sun_acuakodxedalqwqm.png,0.7200971841812134
sun_acuntvumcrillqnp.png,0.7555692195892334
sun_acvqlpihddkrdsjr.png,0.6284305453300476
sun_acwcxcfulvbjhqbm.png,0.5792397260665894
sun_acxojtvutlkaurza.png,0.8075509071350098
sun_acygqcsddzddfxdg.png,0.6591237187385559
sun_acyletewwvoolvvv.png,0.5410280823707581
sun_aczwgyukesaajxnx.png,0.7093943953514099
sun_aczxsecpjsxjcvms.png,0.7307446002960205
sun_adaqrcisdytbarzl.png,0.7766303420066833
sun_adaylgrrsdyzwsop.png,0.7067709565162659
sun_adchxphwsnqnicbz.png,0.6478979587554932
sun_addsacqmcbavfmcm.png,0.7177681922912598
sun_adephxvrriwlbwfd.png,0.7483206987380981
sun_adhidumqwnlzipih.png,0.6372132897377014
sun_adhwholkeuezccfu.png,0.5456560254096985
sun_adkonpxsblmtdukc.png,0.8416506052017212
sun_adlgdbbuechpggnx.png,0.7260759472846985
sun_adnvgfxnkjimrlzh.png,0.7169080376625061
sun_adoskwanicxyfwdg.png,0.8903300762176514
sun_adpnimdjxvbcaaug.png,0.6951510310173035
sun_adqmgymlumduelnn.png,0.7895676493644714
sun_adsaqedttiixgfrw.png,0.5592489242553711
sun_advhcaufilhdkqnk.png,0.7071089148521423
sun_advvjenltmhprwfi.png,0.6657131314277649
sun_adwucyplebawahma.png,0.6821418404579163
sun_adwvdrthivwjdnoq.png,0.6843975782394409
sun_adxskjksxrfjwfuy.png,0.8368656039237976
sun_adzohqnwmnqyeqxb.png,0.6032375693321228
sun_adzpfrapetechsfs.png,0.7421075105667114
sun_aebeqjjddmwjjzyx.png,0.6952237486839294
sun_aebldafyhgsuczcd.png,0.5431615114212036
sun_aebzthvpaouyftan.png,0.779665470123291
sun_aederluuyyqktfqi.png,0.7319157719612122
sun_aedggeuhrnhvsjsr.png,0.7745470404624939
sun_aedpfwkiwaclnhlo.png,0.6555487513542175
sun_aefcbrgrtkkhfznu.png,0.8282499313354492
sun_aeherdtnoxxjvwsm.png,0.5114490389823914
sun_aehmwnhywonrztaf.png,0.8075306415557861
sun_aeikthvfgvgivrru.png,0.6952690482139587
sun_aekgzpfilgjxpeyq.png,0.9124841094017029
sun_aekvmhlnyqeuiqha.png,0.8597142100334167
sun_aelvlqexqgwgmwxc.png,0.7414822578430176
sun_aelzjtbxluarmkwi.png,0.7752279043197632
sun_aeoxbagmsshgxswr.png,0.744396448135376
sun_aepgkbouqieiaooe.png,0.6806124448776245
sun_aepjmmsymjuekcfe.png,0.7202352285385132
sun_aeroqgzewiqbdocz.png,0.5930604934692383
sun_aesaekvccktziazd.png,0.6719739437103271
sun_aesmjndpoqogyfap.png,0.6225371956825256
sun_aetapihskrllrdnt.png,0.6358872652053833
sun_aetnuwjmmgjxuqav.png,0.6449675559997559
sun_aetxjdxldeqvhkof.png,0.762700080871582
sun_aeuhgepysvizzcme.png,0.7152942419052124
sun_aevydkilnuhoseek.png,0.7033233642578125
sun_aexdqzgqahiggqzo.png,0.6396447420120239
sun_aeyhqgbyhdhangzf.png,0.7066915035247803
sun_aeyhqikjypxeolsf.png,0.5838537812232971
sun_aeyoeoscvwmxyern.png,0.6054911613464355
sun_aezuhrkzpxgayaoe.png,0.7045630812644958
sun_afarueujnhehyyio.png,0.6959527134895325
sun_afdcgmejbrwqgeaa.png,0.8089768886566162
sun_affvsjiyenxuwonk.png,0.6666763424873352
sun_afgoiykvchxqotyz.png,0.9007877707481384
sun_afgqszlurifiuhge.png,0.5884310007095337
sun_afhagvtspzxkrens.png,0.5693513751029968
sun_afinmakjhofvvybt.png,0.7626610994338989
sun_afizghkvlqvhlrde.png,0.5001716017723083
sun_afizqjodvavccawl.png,0.6590954065322876
sun_afknvxgaiewlzajc.png,0.9102109670639038
sun_afkzhwaatxbdwyje.png,0.676322340965271
sun_aflimfqnnitwlrnb.png,0.7256375551223755
sun_afmyzinsyyriyqub.png,0.6945360898971558
sun_afnhigxlhzlkoaie.png,0.6641406416893005
sun_afpumbfbcfocaczh.png,0.5110891461372375
sun_afslrcwkonaoxlfi.png,0.6885506510734558
sun_aftfwqztcdyulcfl.png,0.6763049960136414
sun_aftqrthzncibopfq.png,0.6391869783401489
sun_afuhztgcqcvfxhnx.png,0.5989118814468384
sun_afvjmcszbcwjohfj.png,0.6443505883216858
sun_afvrukzssnqvdbtj.png,0.8197493553161621
sun_afwtvwqbxpipnabd.png,0.7298645377159119
sun_afxalkehxpwbgbec.png,0.6273894309997559
sun_afxcienzdiipcqgy.png,0.5984777808189392
sun_afxhpzsqiykuebcv.png,0.705737829208374
sun_agahwoovewlukywf.png,0.6701101660728455
sun_agdolklhpqyffjzl.png,0.638992965221405
sun_agetcjmtbricmpuf.png,0.7726762890815735
sun_agfghckxllgaogeu.png,0.7753064632415771
sun_agftyzlylkfwxclh.png,0.8111172914505005
sun_agfzeirwtkbdqehi.png,0.7391564249992371
sun_agitjjtogdteybqa.png,0.7081936597824097
sun_agjapalzunkyfkne.png,0.8033484816551208
sun_agkxxqnnwbazqygc.png,0.6727340221405029
sun_agloxzhvkzodurph.png,0.525689959526062
sun_aglpgqhselmbsjfe.png,0.48410576581954956
sun_agnvbaxppmkhgxvb.png,0.5491064190864563
sun_agocibromfoaybuz.png,0.7337594032287598
sun_agqdjnnfbgkosqgb.png,0.7053849101066589
sun_agqvzyuqlrbohisr.png,0.6415451169013977
sun_agreibglsxbjhxdt.png,0.5857474207878113
sun_agrjebdfoyttpnap.png,0.8276590704917908
sun_agrqezteutcjldef.png,0.8155497908592224
sun_agtcwwbzxopcbizr.png,0.6957759261131287
sun_agvakjyhqviyjqpm.png,0.41580599546432495
sun_agyrzgbpswqopvgk.png,0.6375254988670349
sun_agzpvimusqvinafc.png,0.6905156373977661
sun_ahagmsuehzsysfnv.png,0.6275017857551575
sun_ahawfngukizslzsd.png,0.6585515737533569
sun_ahbahrjecmcqevnk.png,0.5901332497596741
sun_ahbuavbvaffsgffr.png,0.6331558227539062
sun_ahbvxezbavapqote.png,0.813957154750824
sun_aheytktztscwvheh.png,0.6337410807609558
sun_ahglqbfkxbqactrv.png,0.886434018611908
sun_ahgmmtogcvszynnw.png,0.7758365273475647
sun_ahgoshovjjkchffm.png,0.45563408732414246
sun_ahgpuyjjaigczdjf.png,0.7229151129722595
sun_ahhhaxrgmujfsusq.png,0.7569205164909363
sun_ahhpsbgnglzysmua.png,0.8530482053756714
sun_ahhubkoftignudml.png,0.6830855011940002
sun_ahiglhenuwtgaend.png,0.7467777132987976
sun_ahinlwkscbkxrxqu.png,0.6752837896347046
sun_ahlaslozkkgkrxlk.png,0.7015539407730103
sun_ahntvxqzyuejrdcq.png,0.8099355697631836
sun_ahofjniqorznjqoe.png,0.78184974193573
sun_ahqflounpzprmunk.png,0.5376139283180237
sun_ahsqkpyxpyepjgxn.png,0.7078762054443359
sun_ahtymmdypyqqmthn.png,0.6056797504425049
sun_ahujrsarquffritc.png,0.5927694439888
sun_ahuuqwuiimtlymux.png,0.6957070827484131
sun_ahvaoneopufydell.png,0.7169614434242249
sun_ahvmneulgayfmkqm.png,0.791289210319519
sun_ahvsimquxdczxoix.png,0.8157276511192322
sun_ahzkcnxntuakjgmo.png,0.7144110798835754
sun_aiclrokyjyalssnp.png,0.7865859270095825
sun_aicyakexfevdjfib.png,0.8515616059303284
sun_aidzostvaltvaups.png,0.743009090423584
sun_aiewrdgnruljdrnc.png,0.7222582697868347
sun_aigoeesjpnlxivax.png,0.48176926374435425
sun_aigujudcinwafrqo.png,0.631915271282196
sun_aihfaarwvxfxnedz.png,0.7963579893112183
sun_aiiznvzxcqhviikn.png,0.5851717591285706
sun_aikqsqvvzmlsithy.png,0.47373148798942566
sun_aimgpzwaczlgqief.png,0.5133578777313232
sun_ainvjlcupeqwowdc.png,0.7215712666511536
sun_aiocgjwcthdvttcs.png,0.6432323455810547
sun_aioeiallqtbfjymn.png,0.6549445390701294
sun_airailhtdwurkwef.png,0.7049738764762878
sun_aiswdqfgkxllgxqb.png,0.7952479720115662
sun_aiwxbaalhxdditjo.png,0.7511118650436401
sun_aixamttniqkzhijr.png,0.49449214339256287
sun_aixpqndlwhwjtjek.png,0.571500837802887
sun_aiyateqpyzjsizas.png,0.5760443806648254
sun_aiycovwctjlqxwbl.png,0.8184036612510681
sun_aiycurtqsfkvcaso.png,0.8421321511268616
sun_aiyyoznfcwvcogaf.png,0.5822619795799255
sun_ajadvewmegqmgagz.png,0.6536882519721985
sun_ajdofftheuhszftu.png,0.7449448108673096
sun_ajemqpllzueglsic.png,0.6181017160415649
sun_ajewicelqnljfrit.png,0.6695402264595032
sun_ajfeiiszphblpacd.png,0.6626466512680054
sun_ajgbrtneyyhkyicn.png,0.7500917315483093
sun_ajilxnxswzeajiua.png,0.7238439321517944
sun_ajiqqgredizowbgu.png,0.8345469236373901
sun_ajjbdzmdpvrckwmh.png,0.5215520262718201
sun_ajjrfxwkaspzgwnq.png,0.7091075778007507
sun_ajmtpcneyaryltkb.png,0.5561602711677551
sun_ajnlkyeubhatsusk.png,0.7398037314414978
sun_ajpcddiyaryyekgz.png,0.7261088490486145
sun_ajqihdtigkqdrfxs.png,0.7632293105125427
sun_ajqynqzszvofjftb.png,0.8936901092529297
sun_ajujghcjcfkzfqjk.png,0.7785182595252991
sun_ajvuxxwkdwbfbzrs.png,0.8396499156951904
sun_ajvxdivvhxzjwjts.png,0.668197512626648
sun_ajxvfbkqwjiptuzi.png,0.7223024964332581
sun_ajygurrzpfxqejqc.png,0.7982235550880432
sun_akafihdxnqphclgg.png,0.5096051096916199
sun_akbmrcehrbmeolgj.png,0.6793051958084106
sun_akcdbodbkmfeupxp.png,0.7662940621376038
sun_akcjhylvxeufyjjh.png,0.7082563638687134
sun_akcxxbgqrapnmrqt.png,0.5018399357795715
sun_akgkqrlniaaogoza.png,0.7523292303085327
sun_akgvxfuhgujhjjpq.png,0.8580838441848755
sun_akgzvlccxlhxuygw.png,0.8451843857765198
sun_akjppmhxrhxoqlhf.png,0.6955832839012146
sun_akjrblsftiiheycg.png,0.5526689887046814
sun_akkcfpsvyokmlmwo.png,0.6122174859046936
sun_akkomfouoppmfooc.png,0.6642751097679138
sun_akltcbkzrqttydda.png,0.6248486638069153
sun_akmamktsodsljmlk.png,0.7920546531677246
sun_akmjsexipenbwljx.png,0.5701560378074646
sun_akojxcvbbcjcajzr.png,0.6641931533813477
sun_akqvdmuauoxeafrj.png,0.6829925179481506
sun_akrdzuurrlitqjdv.png,0.726116418838501
sun_akslsuexphhsbpwm.png,0.6252835392951965
sun_akubqvqnwwfxhdab.png,0.8505449295043945
sun_akwiywaquuwvcixm.png,0.5846625566482544
sun_akwsgpcjdzcxsyzx.png,0.5171763300895691
sun_akxlbeczevhjtdyg.png,0.5686890482902527
sun_akyvvdrfhhpkxguz.png,0.8033450841903687
sun_alagufqsctztfexh.png,0.5106133818626404
sun_alcdwocqmwxiytcj.png,0.4671246111392975
sun_aldiqdwgauilevkh.png,0.6981311440467834
sun_alebavahgbcjlilw.png,0.7745227217674255
sun_alebmrufxkmvdazd.png,0.7195931077003479
sun_aledfdjvdimdvcmx.png,0.8005896806716919
sun_alemrcsvbnxhrekg.png,0.749276876449585
sun_alfmjdhrlxodshvz.png,0.767243504524231
sun_alfyxziavorwrczv.png,0.6184651851654053
sun_alfznclqzuxrhweo.png,0.8243139386177063
sun_algtwbhyauhzyhmf.png,0.6738215684890747
sun_algzpsdpasysjynx.png,0.6993746161460876
sun_alhseeozcjpajeio.png,0.8269083499908447
sun_aliqepetuupwdpip.png,0.7911391258239746
sun_aljzsnpyavrniktw.png,0.706388533115387
sun_alkqvjonkkzzbzzi.png,0.6933339238166809
sun_almeohhkbhjhcqgz.png,0.7762433290481567
sun_almtnksfxwvylcgf.png,0.6578454971313477
sun_alnhhgplueakosls.png,0.6768411993980408
sun_alotohxgvdhrbzjl.png,0.793880045413971
sun_alpractqeyizbear.png,0.8369058966636658
sun_alpuqwdcwzfoohan.png,0.7481273412704468
sun_alqmqymrljxfqbpe.png,0.6935830116271973
sun_alrenxdoluotfeqf.png,0.5386404395103455
sun_alrysulkkfkuicub.png,0.7376376986503601
sun_alsdrvwzxzjqstbk.png,0.6505704522132874
sun_alsovurcebalnckj.png,0.6321989893913269
sun_altcuqgtvipeafki.png,0.766877293586731
sun_altqhwdkhhelfrdm.png,0.7329592704772949
sun_alvigraaitfxmeoo.png,0.7616670727729797
sun_alvoexkareccqxgq.png,0.5228918790817261
sun_alwjznlvhejgalis.png,0.8751010894775391
sun_alxwctpznvhdmofk.png,0.7375162839889526
sun_alzxzrwqvsuffwri.png,0.8160758018493652
sun_amanmfpjqehuimzl.png,0.7657820582389832
sun_amdsijhmjiunojms.png,0.7101165652275085
sun_amgxpaucmznjfszv.png,0.6475951075553894
sun_amhygsoqlfgvcnwn.png,0.6172349452972412
sun_amiabbtnhsniqxxi.png,0.5784470438957214
sun_amirvaewncjrhrji.png,0.5630040168762207
sun_amjeharpteceokak.png,0.7895108461380005
sun_amjxduwonsnknmzq.png,0.8124768137931824
sun_amkrexmzqdcufnah.png,0.719955325126648
sun_amkuuhdadzzzfvni.png,0.5191670060157776
sun_amlushkvkmkboxwl.png,0.5192226767539978
sun_ammbnoambmhdxdwd.png,0.6779853105545044
sun_ammqjlktystudwsz.png,0.7374131083488464
sun_amnuohiykcfqgvft.png,0.5029313564300537
sun_amnyqhtcnmthazfl.png,0.5707672238349915
sun_amqevktaidsufzef.png,0.5453073978424072
sun_amqmkagzucwpdrvy.png,0.8506787419319153
sun_amrnwhhcrashwphd.png,0.6882196068763733
sun_amrrjqquiadyblpv.png,0.6094596982002258
sun_amrsltollarnzjhe.png,0.6205471754074097
sun_amskivhvbmabakdn.png,0.6063421964645386
sun_amsxrikcuhcctcic.png,0.7636652588844299
sun_amttpvaevkanjyms.png,0.5220394730567932
sun_amtugpqionwfaitt.png,0.7792493104934692
sun_amvjipfsvafczhwg.png,0.8007645606994629
sun_amvyzgieqllyakod.png,0.6529818773269653
sun_amwzviotqfacmekh.png,0.6359003782272339
sun_amxzetclivhmylma.png,0.8567148447036743
sun_amzfaaifcljsejcp.png,0.8097382187843323
sun_anbnxzmccfzzvhvs.png,0.5690006613731384
sun_anbsyvzrmxjixoas.png,0.719441294670105
sun_ancegghzusmmvzjn.png,0.7240279316902161
sun_anepqgxfijgwjkem.png,0.7600049376487732
sun_anfplyloxlsomyad.png,0.7934848070144653
sun_angurhxxqlgixqia.png,0.7053763270378113
sun_ankbihpzdlhpnmvp.png,0.5993737578392029
sun_ankgbmgntdzaofeu.png,0.8472938537597656
sun_ankwpfzsrnmzgnru.png,0.6662222743034363
sun_anlnwclxnlzcdsic.png,0.6080518364906311
sun_anmhtrpsulapelso.png,0.5871322154998779
sun_anoxxddurxsbnxdx.png,0.7705259919166565
sun_anoysehdxqvtblch.png,0.7733863592147827
sun_anpdzpsubrdncofi.png,0.7424799203872681
sun_anqzetsjxvgxvbli.png,0.8751621842384338
sun_anrpxwajunxbolfb.png,0.4771416485309601
sun_anttrbcjldhkvmky.png,0.674430251121521
sun_anuccyypakddkvpd.png,0.8638810515403748
sun_anucnzvdtnqbicra.png,0.7103255987167358
sun_anuugheuandexaxq.png,0.683666467666626
sun_anuvusdcoiiwykfa.png,0.711586058139801
sun_anvodyjdsggscsle.png,0.6950344443321228
sun_anvrixbclgrqwwyg.png,0.4177888333797455
sun_anwslxkaxvqvypzz.png,0.5979300141334534
sun_anxhruonipwfydod.png,0.7580994367599487
sun_anxvokcnbgorcxsb.png,0.728767991065979
sun_aoazbzmyvzxdellz.png,0.7754532098770142
sun_aobevcyhidndexzs.png,0.8046543598175049
sun_aobohnxcniotaovl.png,0.6816959977149963
sun_aochwmrmihojanwr.png,0.6988586187362671
sun_aodtijqkwsygbegt.png,0.6998999118804932
sun_aofdxcazaotxepqz.png,0.6806342005729675
sun_aogfueenyswxzidp.png,0.7690933346748352
sun_aogrjjelveuftxwk.png,0.789511501789093
sun_aojnhalrhfmmhrly.png,0.6543887257575989
sun_aojxrjqquphceyco.png,0.7555323839187622
sun_aojylfujoazxivli.png,0.42624446749687195
sun_aokeiykmgjwvzttw.png,0.41326555609703064
sun_aomfabtifhzkcbdg.png,0.4755772352218628
sun_aondmbcrpcpdjarh.png,0.5817599892616272
sun_aondzoggxyejkaqo.png,0.7724870443344116
sun_aonxtmxwjuubcnhj.png,0.6588454246520996
sun_aooinnxyfefffynx.png,0.4707065224647522
sun_aooqimbykkzecvyc.png,0.7435517311096191
sun_aopyvswsqulaluiu.png,0.7900778651237488
sun_aoqxiwkfvmyyputq.png,0.7249267101287842
sun_aorgavukezzcysrk.png,0.6791369318962097
sun_aotfathzvfqkviyv.png,0.7876614928245544
sun_aougeyvlmbkzhkyr.png,0.7553334832191467
sun_aowiyunizehotuwc.png,0.8634598255157471
sun_aowksagtgggbnjqi.png,0.7499744296073914
sun_aowuhwvpxbmeldhk.png,0.6499039530754089
sun_apbghnvhpvfqoptw.png,0.6778759956359863
sun_apbyivlpmbrbgytk.png,0.6352655291557312
sun_apdixtwtaavqqonf.png,0.5374056100845337
sun_apgzmmrheaequxkk.png,0.5905284881591797
sun_aphxoinopcooqdkc.png,0.7420926690101624
sun_apjhglhqiljqcdkc.png,0.7352431416511536
sun_apjorzrmogzguovm.png,0.6342616081237793
sun_aplbwxtktljuctyq.png,0.728966236114502
sun_aplomddyhizgxccz.png,0.8849274516105652
sun_apmhovgvmxvpdxlw.png,0.6208339929580688
sun_apnwogngdaronflf.png,0.5911272764205933
sun_apqmswevsqhefqjf.png,0.8090730905532837
sun_apqqaoxvnhplfvsk.png,0.5335170030593872
sun_aprgbwgrwequqing.png,0.6447476148605347
sun_aptemiigmkoelcen.png,0.5048502087593079
sun_apurpjgazkgbnbew.png,0.5503366589546204
sun_apvqljxdifvmyadx.png,0.6497069597244263
sun_apweqkrieytgoicf.png,0.6793912649154663
sun_apwhjtljvhthspsh.png,0.7281402945518494
sun_apwjzdyxbrwpnwej.png,0.5901563167572021
sun_apzbtvmnjxzudvet.png,0.7694876194000244
sun_aqbaaqeojrexbmcr.png,0.7175706624984741
sun_aqcpqawhbhduevtz.png,0.5362182855606079
sun_aqeihowlpdprvqfx.png,0.8564899563789368
sun_aqeoapwuldyxondf.png,0.775644838809967
sun_aqesmtrsgiophiuw.png,0.675896406173706
sun_aqetigpralawagfl.png,0.6488119959831238
sun_aqezafmogzlbsghg.png,0.5348955392837524
sun_aqjarzbazaghifzo.png,0.5869953036308289
sun_aqkkusvrsmjlwxwd.png,0.74550861120224
sun_aqkmgatdqbxypggd.png,0.6819598078727722
sun_aqkpxwoptmxmgoaw.png,0.7237739562988281
sun_aqohrmlykrvpbqcs.png,0.5944926142692566
sun_aqorlaxzrqoixeha.png,0.7425562143325806
sun_aqpczdppoqjonalb.png,0.714035153388977
sun_aqrabcfiiwurrxir.png,0.6026234030723572
sun_aqrixbpdrlracxsw.png,0.8408157229423523
sun_aqrxlonzxujlwehg.png,0.6290655732154846
sun_aqsmsbksghehyjmm.png,0.7110613584518433
sun_aqsugbctmlktryvw.png,0.7495117783546448
sun_aqsyvbwpnbjiotkt.png,0.7628355622291565
sun_aqteuialmidhlvbj.png,0.6541131138801575
sun_aquewihcbzrkousv.png,0.6510201096534729
sun_aqulzvjtpnwvtyyx.png,0.781684398651123
sun_aqurqnuwzifwbpwa.png,0.6462340354919434
sun_aqvtatgzrkinbxqt.png,0.6937823295593262
sun_aqwcoqdaramvmvnp.png,0.7948192954063416
sun_aqzfstcrytxkbfrx.png,0.7131116986274719
sun_aqzwapvheiwtspzo.png,0.5901551246643066
sun_aqzxwtsrnlsiczsn.png,0.7999289035797119
sun_ardyqbhpwglhclqi.png,0.6953699588775635
sun_arfdlzsnmglcvikh.png,0.699078381061554
sun_arfghexbhkvkvgxi.png,0.5039387345314026
sun_arfsltlmiwgxorwr.png,0.5567849278450012
sun_arfztiomfuqttdrt.png,0.53834068775177
sun_arhqovljbvibrmtm.png,0.6828127503395081
sun_arhsuyqmegcknown.png,0.6677995324134827
sun_aritoauaosustgra.png,0.5015692114830017
sun_ariuizuixoielxja.png,0.8118839859962463
sun_arlgkxkunjheidiw.png,0.6873247623443604
sun_armgoigbuhwxwuwr.png,0.5964745283126831
sun_aroqrlezamgjfcoi.png,0.6689410209655762
sun_arpluuazulzhjheu.png,0.5073722004890442
sun_arqxmdkaavpzmlsf.png,0.7121604084968567
sun_arqzoklemrbeqazb.png,0.6978389620780945
sun_artrvxkgrvxsvaqs.png,0.6097597479820251
sun_artvacalcbftmpdi.png,0.42134085297584534
sun_aruxmlhbieolibhh.png,0.7705093026161194
sun_arvpublbqjtdrnab.png,0.6829115152359009
sun_arvtcfggzrsifiwv.png,0.7370874285697937
sun_arwcwpdohtfcqmca.png,0.6745380163192749
sun_arylluczanmwjqaf.png,0.5713765621185303
sun_aryoqikeoguqirey.png,0.5281791687011719
sun_aryysosahbqjlhyp.png,0.6544855237007141
sun_arzjdlficsywzzxe.png,0.6605402827262878
sun_asagxsreouakefyc.png,0.6954151391983032
sun_ascgpmqebjzymcmi.png,0.6112857460975647
sun_asdafnvfqdwiwbay.png,0.5481455326080322
sun_asdvujhufxfopyff.png,0.5200615525245667
sun_asegovooeshozcdh.png,0.716357946395874
sun_asfmsldgyklakjqm.png,0.6863542795181274
sun_asftrklxizngxfas.png,0.6994125247001648
sun_asghxbvkhnkygpuq.png,0.6139336824417114
sun_ashqdybzrscmozvw.png,0.5710487365722656
sun_asjhjualiqfjjxlg.png,0.579795777797699
sun_asjtzmwjvhqryqsz.png,0.8036131858825684
sun_asjvnrpboodherjd.png,0.6074078679084778
sun_askwjtamytupzwah.png,0.7483271360397339
sun_aslmehlkpcjhwjmc.png,0.6736838817596436
sun_asosyabeygjnhtxh.png,0.8356429934501648
sun_asoszlnqrbrczqdj.png,0.8196985721588135
sun_asotshujnoeinbbs.png,0.5778566598892212
sun_aspmucrzgpodkddo.png,0.6917787194252014
sun_aspzyosxtdhkzahk.png,0.8017094135284424
sun_asqdmjznrgeuozvr.png,0.6430214643478394
sun_asqyphqglsneluuc.png,0.8320795297622681
sun_asrifeqqlgmmfnbf.png,0.5753023028373718
sun_astgmykhueefpevo.png,0.7111955285072327
sun_astwltadxgzlydcb.png,0.6540919542312622
sun_asucsgijickcsuyh.png,0.6106234788894653
sun_asuoinkrgxvegbah.png,0.7090187668800354
sun_asviztlddaycedac.png,0.8121382594108582
sun_aswykbxmrypzjuhi.png,0.6675166487693787
sun_asycbfpwknyndhqc.png,0.6713438034057617
sun_asygldcgyclnvvlw.png,0.6253488063812256
sun_asyixwjjhxaoyxkd.png,0.5966930985450745
sun_asystlqtipunmrvq.png,0.7475683093070984
sun_aszvpysjmexcdbpp.png,0.7495001554489136
sun_atapdidnxczyweoj.png,0.7017837166786194
sun_atcrgjmyuguyhkce.png,0.6082384586334229
sun_atdaqomfljzquqcg.png,0.7895306348800659
sun_atgeochjdywgqxyf.png,0.7718050479888916
sun_atgftsajuwjzuztj.png,0.5966755151748657
sun_aticvjcuwokplfte.png,0.7496167421340942
sun_atjhxoliruxsdbpq.png,0.5138677954673767
sun_atkirihlypsigxop.png,0.72198486328125
sun_atkzuhaxqlacvmsv.png,0.6762850284576416
sun_atlkspittmykamrv.png,0.7379843592643738
sun_atlolpsghvngqjst.png,0.8482058048248291
sun_atmofraxvfuortqr.png,0.6492088437080383
sun_atmxdkrnymjzbcnj.png,0.5274128317832947
sun_atnfukcihjutwbhn.png,0.7068490982055664
sun_atnqwowhlotuclpp.png,0.6702897548675537
sun_atpbyislwizsnszk.png,0.7479260563850403
sun_atqcpxguurfkuhnq.png,0.770696759223938
sun_atqutzzjditgyzxl.png,0.7931099534034729
sun_attdviyipsljunts.png,0.6957739591598511
sun_attztnajcmneevzb.png,0.6554988026618958
sun_atugmikryhdkwajt.png,0.7330355644226074
sun_atuvmptukfwuhcaf.png,0.6710811257362366
sun_atxmhocsnfhaqrgq.png,0.7441861629486084
sun_atxwziosjjcednod.png,0.7849963903427124
sun_atypssaymyjhxkpk.png,0.5978980660438538
sun_atyvqgdpzkavayte.png,0.5948241949081421
sun_auaspqtzbulixqaw.png,0.6601839661598206
sun_aubtzwwmrqgapedl.png,0.5741425156593323
sun_aubxvxsbzngngkzp.png,0.56037837266922
sun_aucfgnifiwnlrtsa.png,0.8551051616668701
sun_aucmdjfiwkckoblr.png,0.5213757753372192
sun_aucwamlslizinasd.png,0.8384806513786316
sun_aueyzlbrocczurev.png,0.7313399314880371
sun_auffnkuldecxygkd.png,0.5607852935791016
sun_aufuzsbvexqalzhb.png,0.7425718307495117
sun_aulnzckztegbujqb.png,0.6034014821052551
sun_auohbieuizsluxpj.png,0.5659979581832886
sun_auotjecsnkqcjofz.png,0.5665662288665771
sun_aurhnrmiocivbljl.png,0.6435584425926208
sun_ausqyahjtatjoasv.png,0.5848275423049927
sun_ausuzueppuisfqda.png,0.7782064080238342
sun_autalkozwzfsuuqt.png,0.7307363748550415
sun_auubgudelgjrhpoh.png,0.6056993007659912
sun_auubpayscjcxyypt.png,0.7413795590400696
sun_auuqfgwjayuyytxw.png,0.8748840689659119
sun_auvnnqefobhtrhyj.png,0.6475208401679993
sun_auwrraazjwdcjcjg.png,0.46781647205352783
sun_auwwnyzuzeewivmz.png,0.6624743342399597
sun_auxtjmopnddrivou.png,0.6992001533508301
sun_avachejdscjkngdn.png,0.8910024166107178
sun_avbzvunekksfggon.png,0.7691108584403992
sun_avdopgvwdhrurjcy.png,0.5591311454772949
sun_avdsyxmltrmvdowh.png,0.7177229523658752
sun_avdworktnhijejlc.png,0.6972159147262573
sun_avdypgsnqqsbukex.png,0.8382834792137146
sun_avedshsrvftfcvmr.png,0.6862881183624268
sun_avegegbnbyhsjhmd.png,0.8302062153816223
sun_avinhlnmelujhfux.png,0.6736668944358826
sun_avizukluogzorelh.png,0.6461066603660583
sun_avjbuxbxsfivrlzy.png,0.7279183864593506
sun_avjinmigrowfehnh.png,0.616379976272583
sun_avkycnojfyfqmczx.png,0.6511445641517639
sun_avnxhhsfmpbdaopj.png,0.6379215717315674
sun_avokinkqypqifwug.png,0.6417891383171082
sun_avuruaipomevzxko.png,0.7226523756980896
sun_avvtzgvjewywlmdd.png,0.5876373648643494
sun_avynalngsqjqdoxi.png,0.6920944452285767
sun_avzseplowerqbeex.png,0.6327526569366455
sun_awamitppgvaotmty.png,0.7520409822463989
sun_awbvezjmacwtllmn.png,0.703381359577179
sun_awdbvxtuukoapvxt.png,0.5683606266975403
sun_awexdmftowfrehsx.png,0.6747070550918579
sun_awgdaeuzimwxnitg.png,0.6305025815963745
sun_awgmodgipvlaerrd.png,0.8199728727340698
sun_awgmopzafvqnbeqm.png,0.6159712672233582
sun_awgskwyljozdrlct.png,0.6524410247802734
sun_awhauhtowsrzhweh.png,0.6751384139060974
sun_awhnjywklfthfwmk.png,0.8802285194396973
sun_awiedvycwnyykijc.png,0.6326730251312256
sun_awkhwzafhbdrlgkt.png,0.701576828956604
sun_awklebuumwqeadit.png,0.6694688200950623
sun_awlscsrcowjpacpn.png,0.8872413635253906
sun_awmdmhfqjhaiapjc.png,0.6995608806610107
sun_awnrimhwfrncspga.png,0.8197991847991943
sun_awoafxpkvztomgwt.png,0.8847461938858032
sun_awrmjcdjgxbrmgaq.png,0.6293333172798157
sun_awtjgfhdfzpkwwha.png,0.7509035468101501
sun_awufkrkrdrdbvvis.png,0.8244843482971191
sun_awumymhzfvuvgohd.png,0.6071624159812927
sun_awveoicsojsrziij.png,0.6403142213821411
sun_awvrogxymlfvgbka.png,0.6956473588943481
sun_awwnbkjycouocmzd.png,0.7099199891090393
sun_awxenleecdentwtg.png,0.710162341594696
sun_awxijiwvlandzcmr.png,0.691899836063385
sun_awxqholhemggfdnv.png,0.5444786548614502
sun_awxstfbbxwgqzijp.png,0.6340386271476746
sun_awycwytxvkewhczo.png,0.742070198059082
sun_awyjssnluvfxtfwf.png,0.8683830499649048
sun_awykxytxhsnrgjmm.png,0.6077767014503479
sun_awzjlghepeldohpz.png,0.4788956344127655
sun_axarcshsnqsefemx.png,0.8649105429649353
sun_axcbhkbnagrqigzm.png,0.5560636520385742
sun_axdnhlnrnnncenuw.png,0.6344906091690063
sun_axecntygrkzmnrbj.png,0.6702671647071838
sun_axfpcmfvqnjphcss.png,0.7144718170166016
sun_axiigzkvpcunbcmv.png,0.595237672328949
sun_axiodxlcauklnxet.png,0.8273945450782776
sun_axixcgsxgljfbbzo.png,0.6251037120819092
sun_axiyuzersxpkcugp.png,0.7063502073287964
sun_axjfbbzsphthehyf.png,0.7580758333206177
sun_axkgczjzrllavobx.png,0.5744298100471497
sun_axkrfugcffmazfic.png,0.720002293586731
sun_axljaxganxwfqoru.png,0.6520638465881348
sun_axofqexdcxqlsnpq.png,0.8509702086448669
sun_axpgcjreuqujllvl.png,0.6181656718254089
sun_axpmegiepvvkcnly.png,0.6365902423858643
sun_axpnddelsrwvoqcn.png,0.726768970489502
sun_axpveqtdzyhpqyev.png,0.4263007342815399
sun_axsnrmeoojcyvtfv.png,0.8008157014846802
sun_axueibjqhjhofylo.png,0.6417583227157593
sun_axuibhhnhdgaaobz.png,0.5361192226409912
sun_axwcyaktpqwnmtup.png,0.6732730269432068
sun_axxhjvrtltsetiek.png,0.611108660697937
sun_axxsrlgzileujamu.png,0.8236419558525085
sun_axyrejkiiaqiurjk.png,0.5227369666099548
sun_axyyrmzcupyhlivc.png,0.5633888244628906
sun_axzbjpurqckbztvb.png,0.6005761027336121
sun_axzvrleiewzlqgcn.png,0.6210014224052429
sun_axzwuynxcxhtjupy.png,0.7815775871276855
sun_ayawzjmecovufltt.png,0.6742867231369019
sun_aybwurcxrgenfupp.png,0.6153276562690735
sun_aycqiqrqpigkkwch.png,0.7666531801223755
sun_ayeahxeinjtzanur.png,0.614090085029602
sun_ayecsidneqlekrsx.png,0.5938377380371094
sun_ayfrunmpvpdjoulz.png,0.6265115737915039
sun_ayhkvrhsgkijupnw.png,0.6385810971260071
sun_ayistaubigrrjklt.png,0.7572606801986694
sun_ayixugdbacarkopm.png,0.5710186958312988
sun_ayjbewhhjzxrnqof.png,0.5884038805961609
sun_ayjczgbclpelowgj.png,0.603121280670166
sun_aykzcanmbpokcood.png,0.76036137342453
sun_aylshdnughbogvpg.png,0.5964788794517517
sun_ayovuzbxjucqhbao.png,0.7736225724220276
sun_ayqlwtvvlgkwmpvj.png,0.5807437300682068
sun_ayqmoohbwshzgorj.png,0.7020390033721924
sun_ayspamgqhvpuhhta.png,0.7594583630561829
sun_ayssmvnrwfowflaz.png,0.708590030670166
sun_aysteoooadrvljyo.png,0.7806359529495239
sun_aytnkuigtfedfuxo.png,0.7882729172706604
sun_ayuawxtxqbrlpmuz.png,0.4239904284477234
sun_ayvlfucdqzqjrmhy.png,0.4443722069263458
sun_aywwkjlsyepcqgse.png,0.7225939631462097
sun_ayxztmagpqwgnuql.png,0.8021042346954346
sun_azavzehokhflwslp.png,0.5930479168891907
sun_azbgaopspoglnwzj.png,0.6456437706947327
sun_azbuzftxkdpmdyzm.png,0.7828556895256042
sun_azcrthaogmgkrznp.png,0.924258828163147
sun_azdnskgxzhborziq.png,0.6210119724273682
sun_azdvlbhwwjpqwspv.png,0.7377839088439941
sun_azgozflyqhczhdju.png,0.6796596050262451
sun_azigtauwsvkmgyrt.png,0.7784954309463501
sun_azjljcrmqlmawtbm.png,0.8780763745307922
sun_azjsudewsgmqnhkf.png,0.841007649898529
sun_azluyvkfffjfzvgx.png,0.8963156938552856
sun_azlzcnatveaokirr.png,0.6116392612457275
sun_azlzkzhjfgyveovh.png,0.6074226498603821
sun_azmhboomhdmwrpsp.png,0.6836782097816467
sun_azmlmjaruxcceqya.png,0.5329165458679199
sun_azmstoyzslgczgvt.png,0.7101078629493713
sun_aznfgkdyhcasqufx.png,0.7219648957252502
sun_azqeijruetwsfifb.png,0.7684534192085266
sun_azqgpsztungqeboq.png,0.6121000051498413
sun_azrngzjhjsvqogux.png,0.6640702486038208
sun_aztbwfaaxqpfjxtj.png,0.6541813611984253
sun_azvkkjwzzrswqebz.png,0.5640860795974731
sun_azwcmjdicwzlwjsf.png,0.7508437633514404
sun_azxfkkgzwnduoqka.png,0.6649107336997986
sun_azzjrimwnymwryjx.png,0.769464373588562
sun_azzvbegxtfxrnaqh.png,0.8771626949310303
sun_baaadaxlitpqvquj.png,0.7792547941207886
sun_baaengmwoneteegf.png,0.6283418536186218
sun_babdnrtjzbpvdbli.png,0.8628091216087341
sun_bablgmxrsmliouss.png,0.5463875532150269
sun_babqyxhpmoldhilm.png,0.831880509853363
sun_bacpdgaoerutfwai.png,0.672684907913208
sun_badugmrvawowxzfy.png,0.8690763115882874
sun_baelzjmivqxnnind.png,0.8254507184028625
sun_bafboxbypavruipu.png,0.526626467704773
sun_bafwlwdmehuwqfvr.png,0.8981041312217712
sun_bahrcjpdogosxokk.png,0.7097277045249939
sun_baisnwytcqcpgavt.png,0.6777471899986267
sun_bajturvqnlhysneq.png,0.7105149626731873
sun_bakkjircrhqwtrks.png,0.8034586310386658
sun_baklbtersirgieki.png,0.7462742924690247
sun_baktymlnkhzntadt.png,0.454863041639328
sun_bakzkyvdxsgijlgm.png,0.8340247273445129
sun_bamqqnkootdrwhtm.png,0.8597996830940247
sun_banljcigbjcnrhwf.png,0.560226559638977
sun_baptzvwxhkpzqtua.png,0.7020581364631653
sun_bashbnpnxflmstxu.png,0.7496528625488281
sun_baskfjhrbrcbjvrm.png,0.5679152607917786
sun_baslxatlagtzcmtl.png,0.559832751750946
sun_basrkemwvzeyolvk.png,0.7441499829292297
sun_baubhfrhpngqypqr.png,0.7996145486831665
sun_bawbdnpssirlklqm.png,0.6452979445457458
sun_bawcydadrjrkzrtr.png,0.4665307402610779
sun_baxfjkdosftycscz.png,0.5656996369361877
sun_baxjybmppblnfxwb.png,0.7923562526702881
sun_baxunybtfeqxtxbr.png,0.5636835098266602
sun_bbafpemgnyanelwa.png,0.7220876216888428
sun_bbbeoebtsvzdoutd.png,0.5230250358581543
sun_bbcizqthnavgqqet.png,0.6880849599838257
sun_bbdshuytuykokcnu.png,0.4133109450340271
sun_bbdxropbksjnmxat.png,0.6686111688613892
sun_bbfqkxxrktfasptr.png,0.7703647613525391
sun_bbidpqefmsokhoez.png,0.478707492351532
sun_bbisansxxigfjebn.png,0.6294317245483398
sun_bbiuiqygsbxmtvfb.png,0.6765017509460449
sun_bbkrinncmvljylmc.png,0.8021128177642822
sun_bblfnpicekdknpfd.png,0.5945006608963013
sun_bblmhhwgomincsmt.png,0.49579712748527527
sun_bbmfdpqkrxfwzvaq.png,0.7202742695808411
sun_bbnwdxrsxgvgzkvu.png,0.9573058485984802
sun_bbpsbsljrcmfvigt.png,0.7588823437690735
sun_bbqlzqeivhkkapne.png,0.5247506499290466
sun_bbqxvjeothvtlnez.png,0.628707230091095
sun_bbrwcqjalnwlquqn.png,0.6973433494567871
sun_bbsevjzddeawnmko.png,0.4889308512210846
sun_bbsldvounmbcjdnp.png,0.5987634658813477
sun_bbsqijdywpmqtdtj.png,0.6795936822891235
sun_bbtnlhwybuwithex.png,0.5070008635520935
sun_bbubwfwgqybscyda.png,0.6801894903182983
sun_bbujoodjlecbswam.png,0.7030078768730164
sun_bbwwqqjbiyvmzffd.png,0.5529456734657288
sun_bbxnrfpgfhnlfdzx.png,0.7008223533630371
sun_bbxtljfyiwpnnbgh.png,0.5660337209701538
sun_bbyfxojghxtbvyhk.png,0.8084403276443481
sun_bbzwktvzevqormwo.png,0.8629452586174011
sun_bcaazxbrzfcjtplx.png,0.7173604369163513
sun_bcarwioytheufnic.png,0.6770665049552917
sun_bcbflbtwhuioysjn.png,0.5908029675483704
sun_bcbsntgiurrgeuqs.png,0.5762443542480469
sun_bccnapeyuiitgzxz.png,0.706756591796875
sun_bcdbhtizvibaalsl.png,0.6339669823646545
sun_bcdufifeiskcurcp.png,0.7012446522712708
sun_bcdyiakzgargotey.png,0.7454797625541687
sun_bcejoffuxavpzbjf.png,0.6232964396476746
sun_bchscdvagqvpfsso.png,0.7448697090148926
sun_bcigoeofjexmbghn.png,0.5893208980560303
sun_bcihxnpbgunynkzp.png,0.45485520362854004
sun_bcjryaqtmitnetbc.png,0.5298401117324829
sun_bcjxyczroqzvrngs.png,0.6452820897102356
sun_bckdpvztxhvormnb.png,0.8231689929962158
sun_bcklfkieeutjzaht.png,0.598926842212677
sun_bckoevcurwosynki.png,0.8772060871124268
sun_bclexsqgxfcueagx.png,0.5636992454528809
sun_bclgfgrqkzfqmlir.png,0.5750009417533875
sun_bclnphgtvvcsulcu.png,0.616065502166748
sun_bclxaowhmcjxxyup.png,0.6063469648361206
sun_bcmfupqdwpupcwns.png,0.5163745880126953
sun_bcnjhlgasrzhincx.png,0.8228532671928406
sun_bcqkwacbjykcbsqi.png,0.7387707829475403
sun_bcrpsqrkfdcfxeez.png,0.6651087999343872
sun_bcsltrqbbfzsumzm.png,0.66310054063797
sun_bcsrxjtlkgpkihhb.png,0.6655157804489136
sun_bctqadrweuguozsq.png,0.6867058277130127
sun_bcvmusqfweuqeedv.png,0.7849379181861877
sun_bcvovsrkuqmypydj.png,0.6138527393341064
sun_bcwbcdouovepttsx.png,0.6985456347465515
sun_bcwcoqgsueznibgo.png,0.7795166373252869
sun_bcwyzvggchetltzv.png,0.5448261499404907
sun_bcxdkojvysimgjfx.png,0.44243690371513367
sun_bcxzdapcjzbbhsqm.png,0.754805326461792
sun_bcyufitsfbcrhooe.png,0.7667269110679626
sun_bczeflnxqgkpuxdm.png,0.8016565442085266
sun_bczlttwvngwwabrg.png,0.747607409954071
sun_bdaphipvgqwefzyh.png,0.6859391331672668
sun_bdctcvpcmzqhcmfj.png,0.4755955636501312
sun_bddmamlvoqvghvez.png,0.8442932963371277
sun_bdejjkuncsbjavzh.png,0.7317732572555542
sun_bdelvyhhxnmyexmr.png,0.5375801920890808
sun_bdflmklxzcmwvkpw.png,0.6022254824638367
sun_bdfzvpneqfqbfcnq.png,0.7634946703910828
sun_bdgtisllfmzjenxw.png,0.6668871641159058
sun_bdhltjoqtmyxhljm.png,0.8881102204322815
sun_bdipfsngarhttapg.png,0.8599860072135925
sun_bdiwlljpmliivkyf.png,0.5404805541038513
sun_bdlnnvdpzwcxdohh.png,0.6959699988365173
sun_bdlqyccsvvwnnomz.png,0.6484190821647644
sun_bdmjnosurlritzai.png,0.7229432463645935
sun_bdmrkjfffdqzzwtt.png,0.6020633578300476
sun_bdnrhzbhsvekntfv.png,0.7053724527359009
sun_bdpigbyfxqlzrzlp.png,0.6019318699836731
sun_bdqydgkbisztohgb.png,0.5638269186019897
sun_bdrcfchcpaldecta.png,0.5770379304885864
sun_bdrdqnukfczzhbuy.png,0.548936128616333
sun_bdrtzmvpvjjjhfkf.png,0.7293162941932678
sun_bdstzvzpydgefcac.png,0.6593265533447266
sun_bdsuwshucmlylypq.png,0.7197288274765015
sun_bdszixwbpkeyttyo.png,0.7054629325866699
sun_bdtfbvsjmngxtezt.png,0.7599432468414307
sun_bduaixgrpgbghqcm.png,0.4455965459346771
sun_bdugblqspxfhmaem.png,0.7116501927375793
sun_bdusjzbyrrypnlwl.png,0.6598262190818787
sun_bdvfsuhpokltwttm.png,0.5220344662666321
sun_bdxmuchtqfuxoxjt.png,0.6871352195739746
sun_bdxuykjhqrjxkqjl.png,0.7247012853622437
sun_bdzizggydvbzazkx.png,0.6839897036552429
sun_bdzjcwzjazxbudku.png,0.5887627005577087
sun_beaexkkkrudnqwzp.png,0.7533324360847473
sun_bebgpijsqeczgafr.png,0.6885012984275818
sun_bebtaahxpldhjrna.png,0.5651137828826904
sun_becbzmfedqexoyin.png,0.7967552542686462
sun_beedelobizyweryx.png,0.5969359278678894
sun_beehkrktthrkvgtf.png,0.7131840586662292
sun_beetwlkvphgtfeks.png,0.8063943982124329
sun_befmklkjwmrlvjpr.png,0.7556769251823425
sun_befstwmkodudakgz.png,0.7384483814239502
sun_begaqriykgpevrkl.png,0.5981157422065735
sun_begjsohwfecizxjd.png,0.8769354224205017
sun_behmztszxhfywbml.png,0.6901137828826904
sun_beissakbdndzhwpk.png,0.584250271320343
sun_belbaeltfvjwmfmi.png,0.6455006003379822
sun_beleuqxdphydmwdj.png,0.8063817620277405
sun_beljocifggmzatxb.png,0.7894939184188843
sun_beltccrjmujochoa.png,0.641882598400116
sun_belxunkludvdakbq.png,0.7506534457206726
sun_bemkhqqbstjsscwk.png,0.6172838807106018
sun_bemplgmjdmhdyskq.png,0.7289643883705139
sun_benlqohnznhvtgut.png,0.5519373416900635
sun_benslgtefebxukci.png,0.7489307522773743
sun_beoixpbmdaobqqpo.png,0.5995692610740662
sun_betenvxvczoydwwk.png,0.5249207019805908
sun_betpsnyasickitbo.png,0.5713931322097778
sun_betqvjrqhrmcajcb.png,0.6978594064712524
sun_beudzcwlnlyqilto.png,0.4708441197872162
sun_beufjrlyporculfz.png,0.8078239560127258
sun_bevfcvatltvrppif.png,0.6102029085159302
sun_bevljkixqxaaatkx.png,0.6832259297370911
sun_bevudzoepcrjskws.png,0.6244323253631592
sun_bewfxihogkndywgn.png,0.7147137522697449
sun_bewlknolukfqyfuk.png,0.6347836852073669
sun_bewrnzspryjjsdbl.png,0.5996443033218384
sun_bexijeznhicllkgn.png,0.6568182110786438
sun_bexqjamavdurzwou.png,0.554670512676239
sun_beymsjkywdwqictt.png,0.6453091502189636
sun_bezgbkxdmdzodpfc.png,0.7722281217575073
sun_bezkrklzfarorihm.png,0.5692494511604309
sun_bfawzoltmzmcmhfi.png,0.6545624732971191
sun_bfbagoiqwftdyyer.png,0.6598186492919922
sun_bfbahymgtqfgowhq.png,0.6504536271095276
sun_bfcvebwfyogwmvtr.png,0.5719822645187378
sun_bfcwqknzklhesmsz.png,0.6859012842178345
sun_bfcypjruisfyselq.png,0.8564395904541016
sun_bfetwvxcrsighjfn.png,0.6028100252151489
sun_bffnymzswtzkrujb.png,0.6130456924438477
sun_bfigjwjpnblgjbwh.png,0.6800631880760193
sun_bfigzmukdtkxxhxb.png,0.6619679927825928
sun_bfkhvtwktbyrgtmw.png,0.6555570363998413
sun_bfknrrxqrtpmrwuj.png,0.5570704340934753
sun_bflcuuoxedgqiygm.png,0.6593475341796875
sun_bflxwpbevfzyspmt.png,0.5161610245704651
sun_bfmfmwnwaplhogbj.png,0.7683699727058411
sun_bfmvazllrikustoq.png,0.733188271522522
sun_bfmwfbbfbsxrjxnt.png,0.6518309712409973
sun_bfniyetwimeldque.png,0.6383217573165894
sun_bfpvdiidfhykxyvn.png,0.6989743709564209
sun_bfqbvblfjyloakjb.png,0.9271869659423828
sun_bfrufvcashrzlnbv.png,0.8739081025123596
sun_bfruzldfozxhbesb.png,0.782067060470581
sun_bfsbjkqwhoyujxdm.png,0.7873217463493347
sun_bfsdfcgrkgufqert.png,0.8862082362174988
sun_bfsroeazaidaoltr.png,0.5490750670433044
sun_bftqvufsnsaycbao.png,0.8366703987121582
sun_bfuchcuyacqdodaw.png,0.6041339039802551
sun_bfuctrfemxmunxbq.png,0.7443275451660156
sun_bfufeysqtftjmfuy.png,0.6502177119255066
sun_bfvbfqarlakysess.png,0.544361412525177
sun_bfvkmevbubaipchz.png,0.7119567394256592
sun_bfwxztaayfnkvwrc.png,0.6741952896118164
sun_bfypfzsgriwvvixd.png,0.669096052646637
sun_bfyvfqiimvdaxlqn.png,0.46485212445259094
sun_bfzknarnumqnbeqg.png,0.73558109998703
sun_bfztbzvqscvktlao.png,0.6104075908660889
sun_bgaiiqfumzuvnmlf.png,0.6768558025360107
sun_bgbbpwzzfsiasqvv.png,0.5991295576095581
sun_bgcbfzhqiswnvvnn.png,0.8244490027427673
sun_bgdomvguoztzhbpq.png,0.41570666432380676
sun_bgdophjktlxnxagt.png,0.6259656548500061
sun_bgefqycztqzquikr.png,0.5882096290588379
sun_bgekfzqjhrwjugqh.png,0.5599818825721741
sun_bghhucfqkgdotdrl.png,0.7204390168190002
sun_bghuewdplzwtifme.png,0.9313207268714905
sun_bgjbclbeggetjdfl.png,0.7601093649864197
sun_bgjbdhubbegvtmkv.png,0.837064802646637
sun_bgjjsalgrydbrqjl.png,0.6945061087608337
sun_bgjqgwpsbclcnhct.png,0.723271906375885
sun_bgjrtiivbwugxhxp.png,0.6526103615760803
sun_bgnmlxbfxvlbssfe.png,0.6117064952850342
sun_bgoecsfdwynzflgk.png,0.7185341119766235
sun_bgoiwzufmjixyjdq.png,0.5897256731987
sun_bgosudmyldzkcmfv.png,0.7981836199760437
sun_bgpcntiiiuvweujk.png,0.4531833231449127
sun_bgpltlmtlixufpat.png,0.741935133934021
sun_bgpmezdwfeklpnml.png,0.6280688643455505
sun_bgrrrlvcogamhmnf.png,0.5677686929702759
sun_bgtevttkunwdxcnc.png,0.9040500521659851
sun_bgtratrjfolfwdzj.png,0.8055137991905212
sun_bgumiuhyimvezfeb.png,0.6996943354606628
sun_bgusozmwcjqeelmr.png,0.6745648980140686
sun_bguypsxgvacnktfg.png,0.665975034236908
sun_bgvfjygvkmlmxjej.png,0.8137586116790771
sun_bgwdwaeuakbmuxeg.png,0.565049409866333
sun_bgwtyhnvvqtyetda.png,0.8023698925971985
sun_bgxeriextvbkhbfe.png,0.6077818870544434
sun_bgzjryivyczuvkvm.png,0.6943223476409912
sun_bhavnevyzhxissyk.png,0.6432381868362427
sun_bhaweieutflnnywh.png,0.6872198581695557
sun_bhdnsnsxektcrmnc.png,0.6659218072891235
sun_bhdodffwxvtqotdz.png,0.46522852778434753
sun_bheohfujdgqkjcmr.png,0.6492595672607422
sun_bherpogxcapbxyrr.png,0.6969870328903198
sun_bhewxrwibqyfxgxp.png,0.7856020331382751
sun_bhgfrjxthmegwkbu.png,0.7196998596191406
sun_bhglqbfkxbqactrv.png,0.6585872769355774
sun_bhgrpkivoexfdank.png,0.6138513088226318
sun_bhgxtbnjtmhdjsgk.png,0.6181055307388306
sun_bhhasixxzkqyhywe.png,0.7148519158363342
sun_bhhbiqyojxkiwrll.png,0.6165487170219421
sun_bhhhqbiekouqmkac.png,0.6797664761543274
sun_bhhtrmwvoadbfucw.png,0.5509183406829834
sun_bhhvaejtcvichkpm.png,0.5196044445037842
sun_bhiplnjaxcfjsmge.png,0.7434878349304199
sun_bhixsbikiamkdlxa.png,0.7070112824440002
sun_bhizxrsqlchryhhv.png,0.4172213673591614
sun_bhjuwoaxdrdgsqqe.png,0.649063766002655
sun_bhlugtxwagydpqdu.png,0.7245364785194397
sun_bhmajchacqkvaqlf.png,0.7831248044967651
sun_bhmesxjrrlbjpjpz.png,0.6614222526550293
sun_bhndlqszdyjufigo.png,0.5131985545158386
sun_bhnwkiyrkkgnefwf.png,0.7568551898002625
sun_bholsblufawffpun.png,0.7672057747840881
sun_bhormfokawttatgc.png,0.6585584282875061
sun_bhphmnxxnwuclnfb.png,0.6130024790763855
sun_bhqnpwbpxudzbiqb.png,0.5743204355239868
sun_bhrfoniyefglrcfl.png,0.54534512758255
sun_bhrpukfhvmtkkxlw.png,0.7732399702072144
sun_bhsirvbzddqizrxd.png,0.6433083415031433
sun_bhsrbwjczgxwjdyu.png,0.45183199644088745
sun_bhstabllfxqmqfki.png,0.5435726642608643
sun_bhsvoxhngtvlfcxy.png,0.7593402862548828
sun_bhtuutqvtlypnhct.png,0.429671972990036
sun_bhudxlpdkywdgwba.png,0.6348937749862671
sun_bhvdcsumgmncffse.png,0.586311936378479
sun_bhvuqwhhdrfmwhjd.png,0.4946112632751465
sun_bhwbnzkvnxfturxh.png,0.7086450457572937
sun_bhwmdsmcpomvprxp.png,0.6689138412475586
sun_bhxpmohdpqnzfkhy.png,0.4846852123737335
sun_bhyxzyjlxujlguhy.png,0.5963311195373535
sun_biaagwvvtbnxdnos.png,0.7486887574195862
sun_biazfyrjppndeuml.png,0.7474114298820496
sun_biazkvmtmvicrnmp.png,0.7500122785568237
sun_bibpkzdjvvkvhltq.png,0.7284857630729675
sun_bicdjokshkccozjk.png,0.6776781678199768
sun_biclizlkkeknhqqs.png,0.6945460438728333
sun_biclmmlgmotxrzkh.png,0.6711728572845459
sun_bidefnxvnvwxhfco.png,0.8029119372367859
sun_bidhlflrqqkdzeni.png,0.6967403292655945
sun_biemgsbfologmbxx.png,0.736274003982544
sun_biewsknlfkpuavdb.png,0.5801855325698853
sun_bieydjzghogcuche.png,0.5731759667396545
sun_bifbfseaqcgygyoo.png,0.5288100838661194
sun_bignjiblzcbyzdoo.png,0.6650832295417786
sun_bihhflcnonnooztq.png,0.6550758481025696
sun_bihhseftugogaqec.png,0.7718833088874817
sun_bihzlyaiqnrhvsek.png,0.4252474308013916
sun_biipoielavkspiqe.png,0.7225123047828674
sun_bijmqyaglnrzqfku.png,0.7267872095108032
sun_bikzmmynppjwtykr.png,0.7443236708641052
sun_bimdpagwyqrufmzk.png,0.7946199178695679
sun_bimowfoneezwqocq.png,0.8201542496681213
sun_bipkhjhjnnisxsns.png,0.7487874627113342
sun_biqdshexzanwirbv.png,0.5997341275215149
sun_biqivvudcrvqfaen.png,0.5696253180503845
sun_biqrgcouxiysrxxv.png,0.6338135004043579
sun_birjrgxyjrzhdrng.png,0.5636236071586609
sun_birzjkswnrkcieqk.png,0.6668165922164917
sun_bisjjmduzocgpqms.png,0.6612939834594727
sun_bisoxskpwmqoxaag.png,0.8648204803466797
sun_bitodgqflfykstrr.png,0.6344297528266907
sun_bitvseyrkpkaitod.png,0.6978858113288879
sun_biucrrkejqofiucf.png,0.5939076542854309
sun_biuhkfjdwgohbbjt.png,0.6298123598098755
sun_biuiuxadfibucete.png,0.5260626077651978
sun_biuytmjiftzihfty.png,0.7151015400886536
sun_bivsgwnbqjyrtlwn.png,0.5383939743041992
sun_biwcwomnlcgmilvy.png,0.7927414178848267
sun_biwjtjbrkjosclay.png,0.5999913215637207
sun_bizrwckmhzkkhtob.png,0.7380591034889221
sun_bizvmlpygibosngq.png,0.5948062539100647
sun_bjcdhrrtbbootljx.png,0.5501620769500732
sun_bjcstycswrsmbctd.png,0.6246845722198486
sun_bjcualvhnykgsjyi.png,0.6957041621208191
sun_bjcupuhiwzxupeuu.png,0.5968679785728455
sun_bjcwnelmvddrpwte.png,0.754933774471283
sun_bjdkdxjfpmmacqtl.png,0.6313862800598145
sun_bjdzlylirzzwzwxy.png,0.5369212627410889
sun_bjgxbesgeiwalpxd.png,0.8541998267173767
sun_bjhirlncvirefpno.png,0.5434877276420593
sun_bjiavnrzxfiitfid.png,0.43234243988990784
sun_bjivwvyrzuvrchti.png,0.7369629740715027
sun_bjiwldemlzjhfkhk.png,0.7071271538734436
sun_bjjetqbnrdybzeqd.png,0.6449874043464661
sun_bjjkktafutnclxcb.png,0.6565670371055603
sun_bjjucghzlqyrrmqb.png,0.7530288696289062
sun_bjkhzusrmlwsxbra.png,0.8956887722015381
sun_bjlkthvuowdwxgyb.png,0.6203842759132385
sun_bjmilpeatkfzmest.png,0.6720953583717346
sun_bjovgycboomekyyx.png,0.8085570335388184
sun_bjpryaalypkmqtnw.png,0.5893294215202332
sun_bjqseeruaxsnqgkd.png,0.5198001265525818
sun_bjrkxxgvnxwtdykz.png,0.7831209301948547
sun_bjsgunamtrzqcbet.png,0.6691852807998657
sun_bjtaegjndovtoubb.png,0.5695549249649048
sun_bjthkfmyekdkjwln.png,0.703346848487854
sun_bjuopgcqzceavmmx.png,0.8046962022781372
sun_bjvszycdbpvpjzgz.png,0.6563872694969177
sun_bjvzbpnxrwwnflpq.png,0.6337020397186279
sun_bjwltvmogymqyjjt.png,0.8476064205169678
sun_bjwxsiaofeanyezl.png,0.6473702192306519
sun_bjxlqavifatxtwjt.png,0.7967063784599304
sun_bjyfvxrapsdvnver.png,0.8487229347229004
sun_bjyqblmdzrhbguyl.png,0.672046959400177
sun_bjzmdmbhkuxglfuv.png,0.704674243927002
sun_bjzofovqbfxtmaju.png,0.7791479229927063
sun_bjztmzqnymhgycso.png,0.6814883351325989
sun_bjztsrxauimzlsku.png,0.7232289910316467
sun_bkaiztqswvwaxaym.png,0.6110913753509521
sun_bkazkjiovinsdaqt.png,0.658900260925293
sun_bkbffczhbivzdefr.png,0.49497631192207336
sun_bkbqwdqlezhxycww.png,0.6665530204772949
sun_bkbvakgmxqftttgc.png,0.5987058877944946
sun_bkcscxrnwwqnbstu.png,0.5695841312408447
sun_bkctmeakwpethtjw.png,0.8243134617805481
sun_bkdeshnqeekulgmf.png,0.5496315360069275
sun_bkdsnknbpqifjaed.png,0.5924786925315857
sun_bkdvbhqtrfvxwqzn.png,0.5372369289398193
sun_bkeakwwuorrvdesj.png,0.5554053783416748
sun_bkegtxfywalgsnpt.png,0.6430949568748474
sun_bkfplxilujvokdsa.png,0.6811683177947998
sun_bkgwnjebvsccilhm.png,0.6142808198928833
sun_bkhttoyxunbynfhx.png,0.7188540101051331
sun_bkjeansajzflmwde.png,0.49954164028167725
sun_bkjhovqagpfknkax.png,0.7386125922203064
sun_bkjoksqxwfflylyr.png,0.5699048042297363
sun_bkmhsmcwkqzsrjha.png,0.7029781341552734
sun_bkmnfgklupjijsgf.png,0.6951162815093994
sun_bkpakbrnbklrfcms.png,0.5988770723342896
sun_bkqjiwqzupabsuuv.png,0.6686687469482422
sun_bkqpapkaruexihsy.png,0.6215206980705261
sun_bkrjfovupmughuiw.png,0.7375249266624451
sun_bkrofqcitaxjonzw.png,0.8700529932975769
sun_bktldkkgtlpfxekt.png,0.5649013519287109
sun_bktnbusoqehxodok.png,0.9009371995925903
sun_bkuaqrcgqponrayx.png,0.7323853969573975
sun_bkucgyejzvbtoqav.png,0.8332432508468628
sun_bkvjqgmploznrhxt.png,0.6530942320823669
sun_bkvlvjiymovezhfy.png,0.548443615436554
sun_bkvvyhrnhmrrneyt.png,0.6756891012191772
sun_bkwqkdbzqhhjdkap.png,0.7010669112205505
sun_bkwxuiaegmjazcvy.png,0.8270256519317627
sun_bkxbxcgkhlirggrb.png,0.45849400758743286
sun_bkxcyqxbwhobikqq.png,0.7595031261444092
sun_bkxlvtkggzrtvmdy.png,0.5353516936302185
sun_bkxtppavkyxkskcy.png,0.7007879018783569
sun_bkyldjfasnhjhide.png,0.8439258933067322
sun_bkzkcnjanxvmpdzi.png,0.6762790083885193
sun_blaxllyywlqrpqua.png,0.7432047724723816
sun_blbbzwvxjszalhpl.png,0.7538938522338867
sun_blblulildyncrsov.png,0.6781127452850342
sun_blcfplilhaeruswa.png,0.5803783535957336
sun_blcjyozpqdyuwjkh.png,0.6244887113571167
sun_bldpbdihrcxgnuco.png,0.49312472343444824
sun_bldstoyxjdrkcnva.png,0.7537052631378174
sun_bleairnlmvyabutd.png,0.702841579914093
sun_blfirrlwwifwelee.png,0.7521681785583496
sun_blfnersifcmzaxqr.png,0.5912608504295349
sun_blgesddskghneaan.png,0.7450891137123108
sun_blifcjesampnahex.png,0.6920686364173889
sun_bliqdzegdmaqgkby.png,0.466826856136322
sun_bljveksourcslxbh.png,0.5253282785415649
sun_blkcxqbxsvkojcdw.png,0.6694936752319336
sun_blkotnnxgwppowib.png,0.6130008101463318
sun_bllfgnmntfhurexa.png,0.8184854388237
sun_bllkndonlhkoobtd.png,0.5502926111221313
sun_blmqhexytbgvxtfc.png,0.6371875405311584
sun_blnookkatnsqgson.png,0.7623443603515625
sun_bloeoiozwjjsiamp.png,0.7160540223121643
sun_blofpubzqzwbliew.png,0.6975567936897278
sun_bloqozmrdexaeycf.png,0.6348086595535278
sun_blrdlpwdywvqegru.png,0.7522226572036743
sun_blrezysmfhmmxuic.png,0.4917019307613373
sun_blrtnkglaaizjezx.png,0.7336329817771912
sun_blrwitwahfvzqpxs.png,0.7334561347961426
sun_blsbpqjmkatjrdcb.png,0.6781195998191833
sun_blubgafnjndrjqiv.png,0.6850707530975342
sun_bluykudrvxrobshz.png,0.6603854298591614
sun_blvieidqiaxgwfjr.png,0.6524794101715088
sun_blxpgrolcsoyffdu.png,0.6269493103027344
sun_blxvkigunxozwgcz.png,0.4784151017665863
sun_blzornbiiofnxflm.png,0.7583453059196472
sun_bmaeyuivtpgiakzk.png,0.5854677557945251
sun_bmaiocftdtvnzgap.png,0.5740011930465698
sun_bmbbtroabdvhvlhf.png,0.41353967785835266
sun_bmdatjlblfopdipj.png,0.6383134126663208
sun_bmetmfewukxqlfbm.png,0.5110684633255005
sun_bmgimpwmbkfljnzk.png,0.7149225473403931
sun_bmgthuhdvypqjycb.png,0.6455310583114624
sun_bmjrnjqdommywtqo.png,0.9133127927780151
sun_bmjtplixqemghubb.png,0.5606595873832703
sun_bmkabysemdexzaoj.png,0.4862060248851776
sun_bmlffyuzrsseefcy.png,0.7177067399024963
sun_bmlunrvboqhtbmah.png,0.903556227684021
sun_bmmkribmsaepaoqw.png,0.7855955362319946
sun_bmmspyttzyqpliiw.png,0.8790135979652405
sun_bmoukevlstbelajx.png,0.7949722409248352
sun_bmqesbzvivvecddd.png,0.5340090394020081
sun_bmranzdqyutgllss.png,0.6313541531562805
sun_bmrkgdjghbpzhmlf.png,0.7830948829650879
sun_bmrlfhzviyswcgmx.png,0.6316980719566345
sun_bmsvytlzdpjcidiv.png,0.6592664122581482
sun_bmuyyodzspuocgmb.png,0.6253513693809509
sun_bmvobhbjdjfhtuzw.png,0.6272475719451904
sun_bmvsxhyoiefzkwoa.png,0.8350491523742676
sun_bmvtdxqesnodhhcn.png,0.5904231667518616
sun_bmxqakxclskcffrf.png,0.6679929494857788
sun_bnbblulyamtvhofo.png,0.511089563369751
sun_bndbkdzixliunlbz.png,0.4664236009120941
sun_bndpjbxcteiqcecd.png,0.6585374474525452
sun_bnelubfctlhwpinb.png,0.553796648979187
sun_bngitnxojowbtryw.png,0.7177214026451111
sun_bngwdentuaxkrbmf.png,0.6954379677772522
sun_bnjjvqfscbfxhhgw.png,0.8388832211494446
sun_bnjvafvsrofucsme.png,0.7120600342750549
sun_bnlgipfpzrbgnrfz.png,0.756484866142273
sun_bnlzfdydpikkvobh.png,0.8221530914306641
sun_bnmbrujyjvxqkdtt.png,0.5651601552963257
sun_bnmikgydcgeanztc.png,0.587285041809082
sun_bnnmdrrmclgnywlw.png,0.6486613750457764
sun_bnnqlkprusmejywg.png,0.7382068634033203
sun_bnozuvoxisdxvifu.png,0.43643510341644287
sun_bnpcilxaupgextqs.png,0.6622946262359619
sun_bnpqmnsbpbqyylfo.png,0.7987889051437378
sun_bnqhucvwgqdwhwnu.png,0.8848444223403931
sun_bnrgyjbzriibwhvo.png,0.7115070223808289
sun_bnrmrzbaqlfkvsbd.png,0.7208377122879028
sun_bnsrnpeqactqrcuy.png,0.7667002081871033
sun_bnszcgxfcpqjvfny.png,0.47923538088798523
sun_bntdhpqeejymbasj.png,0.6126809120178223
sun_bntdovmdmtgxlycb.png,0.8008820414543152
sun_bntjszlysoycfuda.png,0.8666027188301086
sun_bntuburqooevfkwf.png,0.6931781768798828
sun_bnudgebylmrjsrya.png,0.5105570554733276
sun_bnuklyhtxhqbatot.png,0.7691183090209961
sun_bnuocfbudybnkgtg.png,0.7144926190376282
sun_bnupdlyoatjwnbzt.png,0.47614648938179016
sun_bnuwzkdvendqyydk.png,0.6504219174385071
sun_bnvcevtzvzsnzmqf.png,0.6433386206626892
sun_bnvfgjkgdenrqzuv.png,0.4155959188938141
sun_bnvktkxjwtcripcc.png,0.9195652604103088
sun_bnwmrfvcewsqyvqh.png,0.6005815267562866
sun_bnydyehhrwdlmjlc.png,0.8115764260292053
sun_bnykdtkwvuqkpbaw.png,0.5141977667808533
sun_bnzcizmmlzirjubc.png,0.6112082004547119
sun_bnznrolvclezvpfc.png,0.6580442786216736
sun_boamvthjxjuzqxmt.png,0.6213513016700745
sun_bobpholdjtxszdqk.png,0.7717514634132385
sun_bobpteqkygybpjee.png,0.7993220686912537
sun_bodxcqeayiousjwi.png,0.7912628054618835
sun_bofkzhddisigfdwb.png,0.7125011086463928
sun_bogubscuoanxvspd.png,0.6501601338386536
sun_bogybasqeljvmuuy.png,0.6836500763893127
sun_bohzkwkaikjgfcvh.png,0.7826472520828247
sun_boirpwdzglpdlmkg.png,0.6961257457733154
sun_bojbxgadgjyajeaw.png,0.4512979984283447
sun_bojegsnaoubwaamt.png,0.5478259325027466
sun_bojwcobekwxsubcq.png,0.621269166469574
sun_bojywhwufsckphfa.png,0.6377507448196411
sun_bokdujqfvounvosu.png,0.7280212640762329
sun_bolmagkqumbypozc.png,0.6870297193527222
sun_bolpiwiitgdpdnog.png,0.7532880306243896
sun_bolzsneowwuahrnf.png,0.6584349870681763
sun_bonswpzzkiaqhcvn.png,0.8026960492134094
sun_boologreitujkgzl.png,0.7098824381828308
sun_boopkrddeylhyrra.png,0.4983322322368622
sun_booxopykmiqnsqbq.png,0.7620845437049866
sun_boqesjqpnyhhfcge.png,0.7150611281394958
sun_boqjoybowlbmweje.png,0.681602418422699
sun_boqmdvdcpxqaepno.png,0.7996705174446106
sun_bouefbengbwzxyjm.png,0.6993111371994019
sun_boufgidjpgeuekbq.png,0.6948574781417847
sun_bousoedboylwfefu.png,0.6023716926574707
sun_bouwelaruvflqplc.png,0.49868977069854736
sun_bovlfxshtexnypao.png,0.6987484097480774
sun_bowcanmkzrxjcsyb.png,0.6445541977882385
sun_boxalsqhtohlxoto.png,0.8300613164901733
sun_boxccvvopkkhlowy.png,0.6613219976425171
sun_boxowlegplpgysrk.png,0.7950724363327026
sun_boymumhxfxpvyfle.png,0.5543816089630127
sun_boyqpbfjtnsmufyr.png,0.5346981287002563
sun_boyrvlmqnirmdrme.png,0.7162361145019531
sun_bozcdkmsntflkcem.png,0.6343685388565063
sun_bpaicvuevfqvwsqc.png,0.4321003556251526
sun_bpbrotispvainqiu.png,0.664793848991394
sun_bpcalwtxdsdvsrvp.png,0.6255436539649963
sun_bpcftshsjyxvpvlf.png,0.6147034168243408
sun_bpcilqrxoivwvdne.png,0.8726655840873718
sun_bpfkhnkxywdodcic.png,0.8677435517311096
sun_bpglwcsgrpbfxkgo.png,0.7285570502281189
sun_bpgrfkfrswdxbkxh.png,0.6004831790924072
sun_bphiwtwduthgcxgn.png,0.5074891448020935
sun_bphstrqrckkxaifl.png,0.7284390330314636
sun_bpjaugthurqqesou.png,0.5988471508026123
sun_bpjcjsyixxowjmdl.png,0.6878551244735718
sun_bplqsmzcsrlgjrqw.png,0.8159152269363403
sun_bpoqpwlmchbnojdo.png,0.5441864728927612
sun_bpqkwsampdacpvwv.png,0.6891698241233826
sun_bpqornjxtulmihwe.png,0.6730679869651794
sun_bprbbpnbntrcpnot.png,0.7601130604743958
sun_bprocfhohvyevfet.png,0.5408415794372559
sun_bpropflclmvrtdjr.png,0.7478086352348328
sun_bpskxgpcrpflumtc.png,0.8373043537139893
sun_bpsrgnaguxblvsvl.png,0.814555287361145
sun_bpudusvelewkvdug.png,0.8966204524040222
sun_bpvbjnjzijnakkkk.png,0.6946699619293213
sun_bpvgiuarfetinfdj.png,0.6743040680885315
sun_bpvpmstgdqmdjoqh.png,0.5804264545440674
sun_bpxxnnqefzqoptxd.png,0.41274499893188477
sun_bpyuppjnwkmubrdy.png,0.5476639866828918
sun_bpzrvalzazjnyiiz.png,0.5537882447242737
sun_bqakgkpsafzbnpyc.png,0.6198590993881226
sun_bqbaerqorxryhiqy.png,0.7474944591522217
sun_bqbhwtpqtgfhukck.png,0.7074704170227051
sun_bqbrqaxchjzarsjp.png,0.6868112087249756
sun_bqbsbqnxivbgilpp.png,0.7088617086410522
sun_bqdcurfhxbxgclsh.png,0.552783727645874
sun_bqdordpczpksbhnv.png,0.6548622250556946
sun_bqeluydlsiyvdvzx.png,0.4894634187221527
sun_bqfhmkfaidjdjruy.png,0.5474070310592651
sun_bqgdiisknsocgxsn.png,0.6364650726318359
sun_bqgrlxjqpobcqhuw.png,0.6667818427085876
sun_bqicaqmboiaqokue.png,0.5902137160301208
sun_bqimehagaahznqkn.png,0.5691815614700317
sun_bqingdqhcymxzrsz.png,0.8859216570854187
sun_bqipunssaycegvhy.png,0.5250692367553711
sun_bqivxmjqmyeagxxl.png,0.5617802143096924
sun_bqjcfcrpbgkomkmr.png,0.6313666105270386
sun_bqjuovyovmqpjdxv.png,0.41420960426330566
sun_bqkruzxpoosoltth.png,0.5542187690734863
sun_bqlayciimkuzivnw.png,0.5099736452102661
sun_bqlqigrtvsekvebg.png,0.705032467842102
sun_bqmfdqurmypfritz.png,0.6393067240715027
sun_bqmvtssfxojuegby.png,0.6681659817695618
sun_bqnzqakjxvserfkt.png,0.677718460559845
sun_bqpannxepavphgcn.png,0.8669044375419617
sun_bqpyqljaflidcauh.png,0.5735992789268494
sun_bqqpfbusjnjhwayo.png,0.6610464453697205
sun_bqqvtwsncvxqufue.png,0.8999940752983093
sun_bqrjptqnidnnvadx.png,0.6604101657867432
sun_bqtcyewednaaywqs.png,0.723175585269928
sun_bqugyajmoxytakeb.png,0.7352672815322876
sun_bqupknowrmgvsacn.png,0.719567060470581
sun_bquqmlkathlolyfo.png,0.9465646147727966
sun_bqurxlaxwqxzmsmk.png,0.6918529868125916
sun_bqwbawqujraqyqrh.png,0.6437863111495972
sun_bqyohbxfirseiccm.png,0.44271060824394226
sun_bqztysnfffcbvhda.png,0.6096233129501343
sun_brahopjmnaqwwmmx.png,0.7362402677536011
sun_brawbagnjqkorhjs.png,0.8033971786499023
sun_brbyihgdqtqdcnxc.png,0.5725696086883545
sun_brcdipdfrotfpeyn.png,0.5427514314651489
sun_brchwspeeunoiiii.png,0.5576871037483215
sun_brcnweauxwwhfmme.png,0.5399078726768494
sun_brdftbxacesbcdgl.png,0.7987478375434875
sun_brdgfyrfccwrgnqr.png,0.8623197674751282
sun_breoaiizcipfnqab.png,0.565788984298706
sun_breshxktngoefxit.png,0.631104588508606
sun_brfjqwudjlgxmdwb.png,0.6917137503623962
sun_brgdktomgzvbnpdv.png,0.5710641741752625
sun_brghwxnerwfqubwo.png,0.7093944549560547
sun_brgznhfgoszqylww.png,0.8647629618644714
sun_brifkzatyyuxoztn.png,0.6532484889030457
sun_brjavmbhmewbymqa.png,0.8036108613014221
sun_brjbtkwrbnxdbipk.png,0.5936588048934937
sun_brjybwuecwwcltuk.png,0.7818832397460938
sun_brkabaozbwvitgxf.png,0.5547826886177063
sun_brmvtualioiyddad.png,0.5816500186920166
sun_brnytfxptqsjftkl.png,0.8831897974014282
sun_browhtghljbzuemv.png,0.6095974445343018
sun_brpdgnvnpubmjasg.png,0.5828865170478821
sun_brpoxjopmnslgnjv.png,0.6582606434822083
sun_brpvsvdggkcwkxdy.png,0.7834140658378601
sun_brpwztmgmcdwbczi.png,0.6270148158073425
sun_brqhdtmjbvekbgyb.png,0.6717061996459961
sun_brrmbxqlnhucmqmb.png,0.6054978966712952
sun_brrulzkdcicdbdll.png,0.7996785640716553
sun_brtoxzcjsplvrhnz.png,0.8393892645835876
sun_brvxpggcpkvbikem.png,0.650526762008667
sun_brwcwpdohtfcqmca.png,0.6451086401939392
sun_brwfhwfvwprvdnsg.png,0.6708038449287415
sun_brzirocotnsoinpb.png,0.46071678400039673
sun_bsaoeebxsvspudbq.png,0.6563977003097534
sun_bsbepnhfkllnfawy.png,0.6511396169662476
sun_bsckmjlqsczsayzv.png,0.7089144587516785
sun_bsdfqzpwwzcboiub.png,0.4615154266357422
sun_bsdggsnvseffqhed.png,0.6177763342857361
sun_bsdnohndctxdsaha.png,0.4723823368549347
sun_bsdssauruacsaomy.png,0.9248220920562744
sun_bsdwkmcsutkqylft.png,0.7143879532814026
sun_bsedbyqgrcdkuanp.png,0.7450664639472961
sun_bsejhpomauvjfnbm.png,0.8062195777893066
sun_bsfjquzxrikccygm.png,0.7274704575538635
sun_bsgmwkftttvjyvqk.png,0.5552889704704285
sun_bsgtylshcdilauhi.png,0.6385077238082886
sun_bsgvhkfbcdxxihwo.png,0.47828254103660583
sun_bshbixtyrioalvip.png,0.5730002522468567
sun_bshqdybzrscmozvw.png,0.8718694448471069
sun_bsirenasjenoyhwy.png,0.681451141834259
sun_bsjgpmgflloejcjh.png,0.6313539743423462
sun_bsjucttvlnurweef.png,0.6449798345565796
sun_bskpvuntksfyssdr.png,0.81856369972229
sun_bslguortidcunuxu.png,0.5585808157920837
sun_bsmfrekdbsboycod.png,0.8955322504043579
sun_bsmnotyszoxrjflt.png,0.6641889214515686
sun_bsmvdfnjlulewkpr.png,0.7731371521949768
sun_bsmvjfrmboechadw.png,0.7620037794113159
sun_bsnzwhhfcbkgxlvt.png,0.9163988828659058
sun_bsrxtixhxzmwiczh.png,0.4131045341491699
sun_bssiqcjaiiyqmpqg.png,0.5788877606391907
sun_bssqujyptrjswpxb.png,0.6533246636390686
sun_bsthsjctocamluvy.png,0.5480709075927734
sun_bstlntsvhyezqgap.png,0.7116171717643738
sun_bsubqhpyyzaqxzkk.png,0.8432085514068604
sun_bswfottgblfqiwoy.png,0.5776001214981079
sun_bswnzfgwxhgvfknh.png,0.7046653628349304
sun_bswtasbcsdaqkhmw.png,0.7165982723236084
sun_bswvnksjyjmepmqm.png,0.8141776323318481
sun_bswwxfxlteiuzimr.png,0.7876865267753601
sun_bsxdfqlzbzagmjkw.png,0.6697313785552979
sun_bsxsmqmkhxxlkoub.png,0.606156051158905
sun_bsxzjawfsmcfbxzg.png,0.6814853549003601
sun_bsyikybqxwyzoimv.png,0.48144251108169556
sun_bsykwzjqxggxgpbz.png,0.6551111340522766
sun_bsyofgkkvqjlirwa.png,0.46801337599754333
sun_bsyojodrkyqyrsur.png,0.7031124830245972
sun_bsypujmiwascibiu.png,0.6136952042579651
sun_bsyvgrofihwzufzd.png,0.5690714120864868
sun_bsywfkspmpaelmbu.png,0.6510238647460938
sun_bszmynrchdzpggxy.png,0.6340910792350769
sun_bszngxmltdqdachn.png,0.7148148417472839
sun_bszziobyipoqmclc.png,0.5500167608261108
sun_btagmtoojkghfpnw.png,0.7720687985420227
sun_btbmkkckrohiamrc.png,0.7586758136749268
sun_btbzqxmvyzlrnccn.png,0.659263551235199
sun_btdtrvihpxhletbp.png,0.6723920106887817
sun_bteojilkrrifycnb.png,0.7828274369239807
sun_btgarlwiahaqzqew.png,0.6393871903419495
sun_btglpvmfoudszwcx.png,0.5556038618087769
sun_btgzbfqbpfnxxubs.png,0.7247519493103027
sun_btibjtzuhjtfxauq.png,0.7452913522720337
sun_btitjwtkbfvxxjir.png,0.9043210744857788
sun_btjecfnksbyiqqxf.png,0.9260365962982178
sun_btjsvbkmjyurwnjc.png,0.7599709630012512
sun_btkfxtbtpkljhbnu.png,0.7477350234985352
sun_btklzmnkvpoubzow.png,0.5387052297592163
sun_btkmuwonupdwnime.png,0.7319169640541077
sun_btkzuhaxqlacvmsv.png,0.7118452787399292
sun_btlolpsghvngqjst.png,0.5877547264099121
sun_btoqiicesxbtmcvw.png,0.6533803343772888
sun_btrcqkwfznxwmrqn.png,0.8655588030815125
sun_btrphgavmirlkfte.png,0.7938729524612427
sun_btrqlraquceyylsk.png,0.6546609997749329
sun_btrwxphygxfdynkm.png,0.6037802696228027
sun_btsxxuzuiatmkwbj.png,0.5728834867477417
sun_bttjqmpassdojuww.png,0.6196411848068237
sun_bttyblasuoaazfvj.png,0.8015509843826294
sun_btuosftthgpwpkfy.png,0.41842538118362427
sun_btwcubkisczvumaf.png,0.8764017224311829
sun_btwghiakehlnmvin.png,0.5886374115943909
sun_btwixqkvzjmqkqpu.png,0.733597993850708
sun_btwulfxhyuvapujt.png,0.6023460030555725
sun_btxtuvzulbqikoiu.png,0.6224156022071838
sun_btyjprilyfyzpbjv.png,0.43365219235420227
sun_btzcxxdwzcvyfcgs.png,0.8725267052650452
sun_bubeuobcfzftxdju.png,0.5060739517211914
sun_bubvtxesjajenlqt.png,0.5855194330215454
sun_bubwbwfiadpnfnmw.png,0.598719596862793
sun_bucuqibiwiiblyia.png,0.6388177871704102
sun_budcoucpzqukkerv.png,0.7187618613243103
sun_budyhohqkvbawehc.png,0.861341655254364
sun_buegzgqysjqtiutj.png,0.8043794631958008
sun_bueuntcxwgxsfkis.png,0.6346147060394287
sun_bufdvpbsyfromtaq.png,0.7497656345367432
sun_buhgqccnbhmqgupm.png,0.7984859347343445
sun_buiunnhzmpbdnlww.png,0.6565455794334412
sun_bujjhgzbrnclsyny.png,0.774570643901825
sun_bujlksmdrnkuvdzc.png,0.5190122127532959
sun_bujxqgvofwfpgxqd.png,0.6030146479606628
sun_bukrskzdqpbyiolq.png,0.6849098801612854
sun_bukzaacoairfpnna.png,0.5904742479324341
sun_bumfytaeaaocxkhs.png,0.7796008586883545
sun_bumhcpftmwglagxy.png,0.47717714309692383
sun_bumngdexbrehyqav.png,0.7702738642692566
sun_bumqeaxclvrfyull.png,0.6847537755966187
sun_bunguvnvkdltcawb.png,0.8361434936523438
sun_buovyzpmpixtfczy.png,0.7100500464439392
sun_bupldmyiogtiznnr.png,0.6136009097099304
sun_bupmycspfhrplzac.png,0.7827033996582031
sun_bupyrxfwzawdqngx.png,0.5866765975952148
sun_buqdwtmwwpfhixrp.png,0.637776792049408
sun_burdknabghwknvon.png,0.8068382143974304
sun_burisorwirbwwpki.png,0.7364927530288696
sun_busbvoeqhhqblefb.png,0.7267262935638428
sun_busfyiowltnoreil.png,0.615371823310852
sun_busnluvtbrlpklss.png,0.7717148065567017
sun_butejhxoikukvzjo.png,0.7111632227897644
sun_butfpeucvaoubnew.png,0.6346438527107239
sun_buuquqynpascvpvg.png,0.5556820034980774
sun_buwooqnvizpilzmn.png,0.8198619484901428
sun_buwqnkpfickthfvb.png,0.6642276048660278
sun_buwvjkrxijmjfzvy.png,0.8460816144943237
sun_buxbdivymrhbqkaq.png,0.6907042860984802
sun_buxiatdzwasoiukc.png,0.7640745043754578
sun_buzgnthoayjozqrw.png,0.7041791081428528
sun_buzlhipbfnmzpsfe.png,0.8472956418991089
sun_bvadugdspdiyatas.png,0.7728682160377502
sun_bvcpfpykytbdwitw.png,0.6898418068885803
sun_bvcrxmmafcwziglu.png,0.7036266326904297
sun_bvdnnlpnbpboowbn.png,0.7651689052581787
sun_bveppixbphbzcuqe.png,0.670536458492279
sun_bvfwdymyjizsirbv.png,0.6961849927902222
sun_bviohtiexxzqnpkc.png,0.7509132027626038
sun_bvjsynrlwrnjrcbw.png,0.8360840082168579
sun_bvktagqrtddksxsr.png,0.5948278903961182
sun_bvlogtbldenrikpj.png,0.6484790444374084
sun_bvmhlhjpkxitfhgs.png,0.5380992889404297
sun_bvnzergmkvtrmieb.png,0.64637291431427
sun_bvoguehakawfwbfb.png,0.6267721652984619
sun_bvokewkgutqykxga.png,0.6034266352653503
sun_bvoraywiwkghtfsp.png,0.7015076875686646
sun_bvrmksvsrbfzaouf.png,0.7731153964996338
sun_bvrzhwjmndjntmrd.png,0.5935890078544617
sun_bvseidzvrmvtpkpx.png,0.6474860906600952
sun_bvsjcozktubjuixy.png,0.7358558177947998
sun_bvtxhnhosgmrqdqj.png,0.8099483847618103
sun_bvunqtjezqgjkfqn.png,0.6383559703826904
sun_bvupmryxushufxid.png,0.8030505776405334
sun_bvvagpokirtzprco.png,0.5368120670318604
sun_bvvfevxgxdbnwkdo.png,0.6369472146034241
sun_bvvkcyfmdmoxmqdp.png,0.6019490361213684
sun_bvxdrnduhbhimwni.png,0.7942584156990051
sun_bvxilcyfjgqptejo.png,0.792774498462677
sun_bvzgafyecjurrnij.png,0.6738531589508057
sun_bwaefckywxfgfnhk.png,0.7651050686836243
sun_bwaeoxdssornxdzd.png,0.555736243724823
sun_bwcsqcbquzhtbthj.png,0.52767014503479
sun_bwejrnxklcvyppeg.png,0.6516934633255005
sun_bwetgwjnbynkijfa.png,0.7149718403816223
sun_bwfqgtmzjlmhlmoo.png,0.7470785975456238
sun_bwgbmspgoasrrxii.png,0.6762893795967102
sun_bwhttmaphjpnylet.png,0.6201934814453125
sun_bwjdahsxcqepqqbm.png,0.7304809093475342
sun_bwkmlnhgxxpjprxc.png,0.6577220559120178
sun_bwlgasqbvouhxzgq.png,0.676530122756958
sun_bwlujsghtckhrmdf.png,0.6039022207260132
sun_bwlvhidckctkncuk.png,0.5912007093429565
sun_bwlvpakobhlfvzzt.png,0.6402771472930908
sun_bwmqfugxntaxbodl.png,0.48137757182121277
sun_bwojgekrkcxlkdtm.png,0.6507797241210938
sun_bwomfrxacbvxzekp.png,0.42320749163627625
sun_bwpajdzkwlgtdkvo.png,0.8322579860687256
sun_bwpetxzxuvepywte.png,0.7360151410102844
sun_bwpizsfxdeddubvf.png,0.8632594347000122
sun_bwplgyknxhslqbdh.png,0.7025448679924011
sun_bwpnxojkzrehwwun.png,0.5469381809234619
sun_bwtcreuswmwmbqwi.png,0.678690493106842
sun_bwtoopqffjsqnunf.png,0.5070933699607849
sun_bwuazhvukqbjrekc.png,0.7401105165481567
sun_bwvnrjivcflkumua.png,0.5924397706985474
sun_bwvpnrcbzlfihvvw.png,0.6650967001914978
sun_bwvqovjbilbqaamp.png,0.4481172561645508
sun_bwwdydddfrmtvaaq.png,0.8009992241859436
sun_bwwizcnmdumxllgf.png,0.5538406372070312
sun_bwwnazvrsvclejws.png,0.6109874248504639
sun_bwwzgyontxgvudgu.png,0.43117114901542664
sun_bwxabemozafvwqwo.png,0.569603443145752
sun_bwxprldpzjnjalgr.png,0.7252280116081238
sun_bwyfpzvujaqhgyws.png,0.7057092785835266
sun_bwyngirmnygwrixi.png,0.5702879428863525
sun_bwzrhfmernduzztq.png,0.721700131893158
sun_bwzzewspvvqvbmfy.png,0.6600018739700317
sun_bxafshqdijjbpdaz.png,0.590269148349762
sun_bxahqdyqpausckwh.png,0.710077702999115
sun_bxarcshsnqsefemx.png,0.6192251443862915
sun_bxcatlubnlpygirb.png,0.7088989019393921
sun_bxdkavmkskboefhl.png,0.5675374269485474
sun_bxdujtxtqvimgcrj.png,0.566702127456665
sun_bxeiylbtpjkvjdja.png,0.6967708468437195
sun_bxftfolankxjsbkc.png,0.6327884197235107
sun_bxfynncmyoeecwtc.png,0.7613934874534607
sun_bxhekqasouoqymhh.png,0.4983290433883667
sun_bxhqkswdztfjlogx.png,0.5214627385139465
sun_bxipuvzrzclhecoa.png,0.7552691102027893
sun_bxoeshylenjctlvs.png,0.8154256343841553
sun_bxohjmmbpglcqtjj.png,0.7132453918457031
sun_bxpjenhliiqkkazx.png,0.7282769083976746
sun_bxpkentrzeqdlqck.png,0.7417336106300354
sun_bxqepaomktavpztc.png,0.7061829566955566
sun_bxqqxwxvafkrpfje.png,0.5608434081077576
sun_bxqumcisxaaevuok.png,0.5565500259399414
sun_bxquoddofshilqhe.png,0.7775669693946838
sun_bxrjxxbavrhxhckd.png,0.6660253405570984
sun_bxrtobofnydzwbvh.png,0.5471183061599731
sun_bxscrxtgegrmmhrn.png,0.7209317088127136
sun_bxsncwltwrecpefm.png,0.6584614515304565
sun_bxsxinaguigskimz.png,0.7266355752944946
sun_bxtfzakpnwrxhxcq.png,0.6051388382911682
sun_bxuwcfqmsdfjijpn.png,0.595344066619873
sun_bxvccutjdzbutrdo.png,0.6026830673217773
sun_bxvdohnrocruslcu.png,0.7029647827148438
sun_bxxxflrbyhbakacb.png,0.8431674242019653
sun_bxydcehekhmpvpmh.png,0.6430094242095947
sun_bxzfuarhmdlojhgj.png,0.609695315361023
sun_bxzvcqppmizkmxgr.png,0.45044150948524475
sun_bxzxvpxabkqegbmz.png,0.5348581075668335
sun_bxzzutfjxdmvpwcn.png,0.7845023274421692
sun_bybwwggbjkvmvvsk.png,0.7498671412467957
sun_bybymzvbxgvcrwgn.png,0.8200693726539612
sun_bycsfdyqiurvjyer.png,0.8352233171463013
sun_bydcaakthxrsxfui.png,0.595071017742157
sun_byegvlxnjtnjachb.png,0.6689579486846924
sun_byfffdwqltqvkulk.png,0.735314667224884
sun_byhcvjxqnxhccxyk.png,0.6851183176040649
sun_byhsmspbuhedbgpq.png,0.4754384756088257
sun_byhztyvzwhsmkkhh.png,0.5223376154899597
sun_byjevguiiqilawju.png,0.6019339561462402
sun_byjyynfdylobvlmb.png,0.6867735385894775
sun_bykmfkghgnpgwthd.png,0.5985514521598816
sun_bykulylhgrhjezbh.png,0.7438900470733643
sun_bylzknmbiopycyev.png,0.6986406445503235
sun_bynznvdclrjaxpzk.png,0.6326583623886108
sun_byockeznxqmczqek.png,0.6605632901191711
sun_byozqtwkrnkzxaoq.png,0.7272514700889587
sun_bypboapkrbtrmxqn.png,0.5937248468399048
sun_byprznizglpmyswv.png,0.5420321226119995
sun_byqkwwucryiwcxff.png,0.6467182040214539
sun_bysmbncykvciuqsg.png,0.6318801045417786
sun_bysogjpucwrlcyvq.png,0.7732319831848145
sun_byujwnqthoewfezt.png,0.8000426292419434
sun_byukalphpsagnwum.png,0.6916415691375732
sun_byusctchbivutqxd.png,0.6157628893852234
sun_byvccfndmyaiueas.png,0.6102488040924072
sun_bywesmbaobiovqrr.png,0.728668212890625
sun_bywnkdrfibdahtcw.png,0.585391640663147
sun_byxjhxcvkgccckaf.png,0.6414594650268555
sun_byyajrvjnpnuopdi.png,0.7504507899284363
sun_byyaxeluotynvysz.png,0.42764347791671753
sun_byyoxsewzibkaswg.png,0.6615841388702393
sun_byyxvtxlqfyyfxsp.png,0.719803512096405
sun_byzweiouhvtofjlh.png,0.6335200071334839
sun_bzahmkxztgfcmrot.png,0.7087059020996094
sun_bzayvogardiuufor.png,0.5789409875869751
sun_bzcntuzwagwdrkrp.png,0.8001779317855835
sun_bzdfeubmpjrwxyxa.png,0.6500150561332703
sun_bzdjhdkiwuqogghf.png,0.6749065518379211
sun_bzdkfldkgqsowutt.png,0.5946611762046814
sun_bzdsiiquwuhojhsa.png,0.6051722168922424
sun_bzfnrusonorlauzf.png,0.758800745010376
sun_bzgdmyokbhheseag.png,0.7479103207588196
sun_bzgsruvnegugrqqj.png,0.5073769688606262
sun_bzhbdnudcfjlvhhk.png,0.6955846548080444
sun_bzhfdxloamvbiksz.png,0.6423941254615784
sun_bzhkhxzgdhwovlbc.png,0.5989643931388855
sun_bzhtawtcwvarqfly.png,0.5002118349075317
sun_bzixvwoukasxltwi.png,0.7598329782485962
sun_bzjljcrmqlmawtbm.png,0.6441953182220459
sun_bzjrqwjgfkzqzxko.png,0.7515700459480286
sun_bzjswslsonqoruvh.png,0.6271754503250122
sun_bzjwnsnlbvaoqswg.png,0.7048833966255188
sun_bzkcvrskrmuqjlhh.png,0.6548687219619751
sun_bzktlbbwtskelqxn.png,0.6797097325325012
sun_bzlbrzrmyhczyxbt.png,0.6235843896865845
sun_bzmhfxaufoqjxrxg.png,0.5710200071334839
sun_bzmseudgfbgvvfds.png,0.43333688378334045
sun_bznefxvocwpgimko.png,0.6255977749824524
sun_bzphvplujtqppajx.png,0.6323754787445068
sun_bzpjfetivojhplyc.png,0.6077878475189209
sun_bzposwfhbrlamgug.png,0.7160704731941223
sun_bzrclvbqxbfvqaae.png,0.649448573589325
sun_bzrdasjymsqeuhei.png,0.5502047538757324
sun_bzskkbpdayjlqhjm.png,0.639281153678894
sun_bzswqviottpkgrhy.png,0.6278570294380188
sun_bztinnbpwuvzrrmn.png,0.6512722373008728
sun_bzumhtdauolwwpld.png,0.5998392105102539
sun_bzutnrrxuaaxkcjo.png,0.8079681992530823
sun_bzvdvlppoitgqmmy.png,0.5613876581192017
sun_bzvldfwaopjftans.png,0.5730093121528625
sun_bzwymbcoqqufdyfl.png,0.4473327398300171
sun_bzzhcxocqdbmqtdt.png,0.5687882304191589
sun_bzzorzbarvqzfkkt.png,0.6291382908821106
sun_bzzthycspumivnin.png,0.7759203314781189
sun_cccvqprfrvymesmn.png,0.5827493667602539
sun_cdzoksnyawnhcvzs.png,0.8268458247184753
sun_cfsknrqkwoyyclpl.png,0.7827078700065613
sun_cgnmkviqglhcpzgw.png,0.7911148071289062
sun_cgyortwapwxnacmd.png,0.6412534117698669
sun_chuazffleeodtpgr.png,0.6588649749755859
sun_cjjjphyiodovbwdc.png,0.6343677639961243
sun_ckhkdzmhpitbkdkc.png,0.6719512343406677
sun_cmfyjyeuqorkjoey.png,0.7140719294548035
sun_cmpwrjljmpxaomfi.png,0.6613715291023254
sun_cpimlwoyxuicmstq.png,0.613197386264801
sun_cptzeidnpvcnvmys.png,0.6414973139762878
sun_cskokqhzpqyarpwd.png,0.6262927651405334
sun_cuvtskjmxuxtdwbh.png,0.5099101066589355
sun_cvxktxkdcvptovgn.png,0.6076143383979797
sun_cxhxnewsznefrric.png,0.8358001112937927
sun_cyebodmshcmilxea.png,0.8446518182754517
sun_cymcacucrlgcjkhm.png,0.8656168580055237
sun_daitsuznrfrnugms.png,0.5464678406715393
sun_davdbpevggahgxsj.png,0.5874783396720886
sun_daxbgqevqutlmehh.png,0.8602583408355713
sun_dbmzuhirhecedufl.png,0.6854010224342346
sun_ddcfwwvqwxhasoua.png,0.6857455968856812
sun_ddmiyazycvsbmjoh.png,0.6615410447120667
sun_ddtuouqwukxkklpi.png,0.5975558757781982
sun_ddywllhqorplbjls.png,0.5365458130836487
sun_decjoqzzrkluvevr.png,0.8255041241645813
sun_deqpywsildqkdkcg.png,0.4528939127922058
sun_detmwwvooyqdpexe.png,0.6436083316802979
sun_dfwoggfqhfckjmhn.png,0.6752990484237671
sun_dhgvkvyhrycxxwbn.png,0.4954184889793396
sun_dhildmntuoxkhocv.png,0.8279125690460205
sun_dhwkapupjcpmroev.png,0.6806621551513672
sun_diinfmuwcpwhadpt.png,0.8609336614608765
sun_diosfgmekdqexyyp.png,0.6239823698997498
sun_dizqbbolyzzexhja.png,0.7456629276275635
sun_dktnxnesgicnwrmc.png,0.766473114490509
sun_dlcwhwgzotvlyiol.png,0.6590055823326111
sun_dlggzcfchdtzexii.png,0.7179678082466125
sun_dlmfyrpsqjhqsomf.png,0.6435272097587585
sun_dlnxgvumnmlmgbzi.png,0.6193785667419434
sun_doyffalaqcbvjmzn.png,0.7516108751296997
sun_dpsfnbvpszeebnam.png,0.8273386359214783
sun_dqcpslbsbuellmog.png,0.6010738611221313
sun_dqtzlmlpfyrgslbp.png,0.6932796239852905
sun_dsawxouojbodegxw.png,0.7503578066825867
sun_dsqsjtzzjcmtcczd.png,0.7531552314758301
sun_dtnzywaisgvniooe.png,0.6037948131561279
sun_dtomtzsvreainpag.png,0.6492031216621399
sun_dtrozscrcpmbecnc.png,0.7818068861961365
sun_dtxwewqpyrtlnlqp.png,0.6426054239273071
sun_dulvxrqyvtbyxekb.png,0.4656064510345459
sun_duzppdtyladxieiq.png,0.7366743087768555
sun_dvepclpcmqjjcuqo.png,0.6385331749916077
sun_dvstfjpskuyhigjy.png,0.7293015718460083
sun_dwbgpjdqastrcbkc.png,0.7571619749069214
sun_dywoyueatmitzmla.png,0.9255412817001343
sun_dzeksjrfwissivee.png,0.6646826267242432
sun_dzjahlyxdmctyola.png,0.7338546514511108
